idioma,archivo,id,texto_traducido
es,confinamiento.py,0020,Calcula rango ¬±3œÉ para visualizaci√≥n
es,confinamiento.py,0037,Mean Radius (fm)
es,confinamiento.py,0037,Min (fm)
es,confinamiento.py,0037,Max (fm)
es,confinamiento.py,0038,{mc_mean:.3f}
es,confinamiento.py,0038,{mc_min:.3f}
es,confinamiento.py,0038,{mc_max:.3f}
es,confinamiento.py,0038,¬±{MC_sigma:.3f}
es,confinamiento.py,0038,Quantum Mechanics (MC)
es,confinamiento.py,0039,{lhc_mean:.5f}
es,confinamiento.py,0039,{lhc_min:.5f}
es,confinamiento.py,0039,{lhc_max:.5f}
es,confinamiento.py,0039,¬±{LHC_sigma:.3f}
es,confinamiento.py,0039,LHC Experimental
es,confinamiento.py,0040,{ved_mean:.5f}
es,confinamiento.py,0040,{ved_min:.5f}
es,confinamiento.py,0040,{ved_max:.5f}
es,confinamiento.py,0040,¬±{VED_sigma:.5f}
es,confinamiento.py,0040,Einstein-VED
es,confinamiento.py,0072,Figura 1: Geometr√≠as de confinamiento 2D vs 3D
es,confinamiento.py,0079,Electr√≥n: Confinamiento 2D\nn = 137 (Superficie)
es,confinamiento.py,0084,Prot√≥n: Confinamiento 3D\nn = 4 (Volumen)
es,confinamiento.py,0089,Quarks: Dipolos Geom√©tricos\nAnclaje 3D
es,confinamiento.py,0094,Estad√≠stica Cu√°ntica Emergente: 2D vs 3D
es,confinamiento.py,0100,Superficie 2D del electr√≥n - ESCALAS LIMPIAS
es,confinamiento.py,0132,Volumen 3D del prot√≥n - ESCALAS LIMPIAS
es,confinamiento.py,0171,Dipolos de quarks anclados a dimensiones
es,confinamiento.py,0187,Quark {dim}
es,confinamiento.py,0192,Confinamiento Hadr√≥nico
es,confinamiento.py,0200,Comparaci√≥n estad√≠stica Fermi vs Bose
es,confinamiento.py,0201,Confinamiento 2D\n(Electr√≥n)
es,confinamiento.py,0201,Confinamiento 3D\n(Prot√≥n)
es,confinamiento.py,0208,Fermi-Dirac (Exclusi√≥n)
es,confinamiento.py,0210,Bose-Einstein (Condensaci√≥n)
es,confinamiento.py,0213,Comportamiento Estad√≠stico
es,confinamiento.py,0218,M√°ximo 1 part√≠cula\npor estado
es,confinamiento.py,0219,M√∫ltiples part√≠culas\nmismo estado
es,confinamiento.py,0224,Figura 2: Validaci√≥n experimental
es,confinamiento.py,0228,Prot√≥n VED
es,confinamiento.py,0228,Prot√≥n LHC
es,confinamiento.py,0228,Neutr√≥n VED
es,confinamiento.py,0228,Neutr√≥n Exp
es,confinamiento.py,0234,Radio (fm)
es,confinamiento.py,0235,Predicci√≥n de Radios Hadr√≥nicos
es,confinamiento.py,0240,{radius:.5f}
es,confinamiento.py,0243,Einstein-VED
es,confinamiento.py,0243,QCD Ret√≠culo
es,confinamiento.py,0243,Modelo Constituyente
es,confinamiento.py,0247,Precisi√≥n (%)
es,confinamiento.py,0248,Comparaci√≥n de Precisiones
es,confinamiento.py,0253,{prec}%
es,confinamiento.py,0259,Einstein-VED
es,confinamiento.py,0265,Constante de Estructura Fina
es,confinamiento.py,0270,{value:.3f}
es,confinamiento.py,0275,EXPLICACI√ìN DIPOLAR DE JETS EN LHC:\n\n
es,confinamiento.py,0276,‚Ä¢ Quarks = Dipolos geom√©tricos anclados a dimensiones\n
es,confinamiento.py,0277,‚Ä¢ Al aplicar energ√≠a: ruptura dipolar\n
es,confinamiento.py,0278,‚Ä¢ Creaci√≥n de nuevos pares quark-antiquark\n
es,confinamiento.py,0279,‚Ä¢ Formaci√≥n de jets hadr√≥nicos en direcciones opuestas\n
es,confinamiento.py,0280,‚Ä¢ No hay 'fuerza de confinamiento' infinita\n
es,confinamiento.py,0280,fuerza de confinamiento
es,confinamiento.py,0281,‚Ä¢ Solo reconfiguraci√≥n geom√©trica natural
es,confinamiento.py,0290,Figura 3: Soluci√≥n a paradojas cu√°nticas
es,confinamiento.py,0310,Soluci√≥n a la doble rendija
es,confinamiento.py,0328,Direcci√≥n de propagaci√≥n
es,confinamiento.py,0329,Posici√≥n
es,confinamiento.py,0330,SOLUCI√ìN DOBLE RENDIJA:\nSuperficie completa interact√∫a
es,confinamiento.py,0333,part√≠cula por dos caminos
es,confinamiento.py,0333,"No es ""part√≠cula por dos caminos""\nEs SUPERFICIE por ambos"
es,confinamiento.py,0337,Soluci√≥n geom√©trica al entrelazamiento
es,confinamiento.py,0349,Part√≠cula A
es,confinamiento.py,0350,Part√≠cula B
es,confinamiento.py,0351,GEOMETR√çA COMPARTIDA
es,confinamiento.py,0357,"ENTRELAZAMIENTO:\nGeometr√≠a com√∫n, no acci√≥n a distancia"
es,confinamiento.py,0362,Soluci√≥n al colapso de la funci√≥n de onda
es,confinamiento.py,0368,Geometr√≠a real (siempre definida)
es,confinamiento.py,0369,Probabilidad antes de medir
es,confinamiento.py,0369,"MC: ""Probabilidad antes de medir"""
es,confinamiento.py,0375,Posici√≥n
es,confinamiento.py,0377,"FIN DEL ""COLAPSO"":\nGeometr√≠a definida, no probabil√≠stica"
es,confinamiento.py,0383,Soluci√≥n a la estad√≠stica cu√°ntica
es,confinamiento.py,0387,ESTAD√çSTICA CU√ÅNTICA EMERGENTE\n\n
es,confinamiento.py,0388,Fermi-Dirac (Exclusi√≥n):\n
es,confinamiento.py,0389,‚Ä¢ Confinamiento 2D (electr√≥n)\n
es,confinamiento.py,0390,‚Ä¢ Restricci√≥n topol√≥gica natural\n
es,confinamiento.py,0391,‚Ä¢ Solo 1 part√≠cula por estado\n\n
es,confinamiento.py,0392,Bose-Einstein (Condensaci√≥n):\n
es,confinamiento.py,0393,‚Ä¢ Confinamiento 3D (prot√≥n)\n
es,confinamiento.py,0394,‚Ä¢ Geometr√≠a esf√©rica completa\n
es,confinamiento.py,0395,‚Ä¢ M√∫ltiples part√≠culas mismo estado\n\n
es,confinamiento.py,0396,NO son propiedades fundamentales\n
es,confinamiento.py,0397,SON consecuencias geom√©tricas
es,confinamiento.py,0405,Guarda todas las figuras
es,confinamiento.py,0408,Generando visualizaciones Einstein-VED...
es,confinamiento.py,0411,Generando Figura 1: Geometr√≠as de confinamiento...
es,confinamiento.py,0418,‚úì Geometr√≠as de confinamiento guardadas
es,confinamiento.py,0420,Generando Figura 2: Validaci√≥n experimental...
es,confinamiento.py,0427,‚úì Validaci√≥n experimental guardada
es,confinamiento.py,0429,Generando Figura 3: Soluci√≥n paradojas cu√°nticas...
es,confinamiento.py,0435,‚úì Soluci√≥n paradojas cu√°nticas guardada
es,confinamiento.py,0437,\n‚úÖ Todas las figuras guardadas en formato {format} (DPI: {dpi})
es,confinamiento.py,0440,‚ùå Error durante la generaci√≥n: {e}
es,confinamiento.py,0448,Iniciando generaci√≥n de visualizaciones Einstein-VED...
es,confinamiento.py,0453,\nüé® Visualizaciones completadas!
es,confinamiento.py,0454,Archivos generados:
es,confinamiento_geometrico.py,0023,Onda œà(x)
es,confinamiento_geometrico.py,0026,Posici√≥n x
es,confinamiento_geometrico.py,0027,Amplitud œà(x)
es,confinamiento_geometrico.py,0028,CONFINAMIENTO EINSTEIN-VED: Onda ‚Üí Part√≠cula
es,confinamiento_geometrico.py,0043,Posici√≥n x
es,confinamiento_geometrico.py,0044,Amplitud œà(x)
es,confinamiento_geometrico.py,0045,1. Onda Sinusoidal en Superficie Plana
es,confinamiento_geometrico.py,0064,2. Transici√≥n: Enrollamiento ({progress*100:.0f}%)
es,confinamiento_geometrico.py,0065,Coordenada X
es,confinamiento_geometrico.py,0066,Coordenada Y
es,confinamiento_geometrico.py,0076,Confinada (n={n_cycles})
es,confinamiento_geometrico.py,0077,CONDICI√ìN EINSTEIN-VED: L = {n_cycles}Œª
es,confinamiento_geometrico.py,0080,3. Onda Auto-Confinada - Part√≠cula Estable
es,confinamiento_geometrico.py,0081,Coordenada X
es,confinamiento_geometrico.py,0082,Coordenada Y
es,confinamiento_geometrico.py,0118,a) Onda Plana Libre
es,confinamiento_geometrico.py,0119,Posici√≥n x
es,confinamiento_geometrico.py,0120,Amplitud œà(x)
es,confinamiento_geometrico.py,0137,b) Transici√≥n
es,confinamiento_geometrico.py,0138,Coordenada X
es,confinamiento_geometrico.py,0139,Coordenada Y
es,confinamiento_geometrico.py,0155,c) Confinado n=3\nL = 3Œª
es,confinamiento_geometrico.py,0156,Coordenada X
es,confinamiento_geometrico.py,0157,Coordenada Y
es,confinamiento_geometrico.py,0159,CONDICI√ìN: L = nŒª
es,confinamiento_geometrico_tiempo.py,0011,n=1: Tubo espacio-tiempo liso + onda circular fundamental
es,confinamiento_geometrico_tiempo.py,0044,ESTADO FUNDAMENTAL n=1\nEspacio-Tiempo + Onda Circular
es,confinamiento_geometrico_tiempo.py,0056,n=3: Variedad espacio-tiempo + onda con 3 nodos
es,confinamiento_geometrico_tiempo.py,0093,ESTADO EXCITADO n=3\nVariedad Espacio-Tiempo + 3 Nodos
es,confinamiento_geometrico_tiempo.py,0105,Comparaci√≥n lado a lado n=1 vs n=3
es,confinamiento_geometrico_tiempo.py,0132,n=1: Estado Fundamental
es,confinamiento_geometrico_tiempo.py,0153,n=3: Estado Excitado
es,confinamiento_geometrico_tiempo.py,0164,Muestra c√≥mo las curvas dt generan la superficie n=1
es,confinamiento_geometrico_tiempo.py,0202,GENERACI√ìN n=1: dt ‚Üí Superficie\nCurvas Circulares Generan Cilindro
es,confinamiento_geometrico_tiempo.py,0214,Muestra c√≥mo las curvas dt generan la superficie n=3
es,confinamiento_geometrico_tiempo.py,0257,GENERACI√ìN n=3: dt ‚Üí Variedad\nCurvas con Nodos Generan Geometr√≠a
es,confinamiento_geometrico_tiempo.py,0269,Evoluci√≥n completa dt a trav√©s de Œ¥t
es,confinamiento_geometrico_tiempo.py,0302,Œ¥t={t}
es,confinamiento_geometrico_tiempo.py,0309,Evoluci√≥n\ntemporal
es,confinamiento_geometrico_tiempo.py,0313,EVOLUCI√ìN COMPLETA: dt ‚Üí Œ¥t ‚Üí Estados n\nConfinamiento Cu√°ntico Einstein-VED
es,confinamiento_geometrico_tiempo.py,0325,üé® GENERANDO LAS 6 GR√ÅFICAS COMPLETAS EINSTEIN-VED...
es,confinamiento_geometrico_tiempo.py,0337,\n‚úÖ LAS 6 GR√ÅFICAS COMPLETAS:
es,Constante_G.py,0042,Radio del prot√≥n (l√≠nea media)
es,Constante_G.py,0046,"Figura 1: Onda confinada VED del prot√≥n, n=2"
es,Constante_G.py,0059,Agujero negro
es,Constante_G.py,0061,Superficie 2D
es,Constante_G.py,0066,Figura 2: Agujero negro y superficie 2D hologr√°fica
es,Constante_G.py,0078,G experimental
es,Constante_G.py,0083,n={n}
es,Constante_G.py,0088,G calculado [m^3/kg/s^2]
es,Constante_G.py,0089,Figura 3: Diana de G ¬±3œÉ
es,Constante_G.py,0116,G calculado [m^3/kg/s^2]
es,Constante_G.py,0117,Figura 4: Diana de G ¬±4œÉ (flechas)
es,Constante_G.py,0130,G(n) asint√≥tico (continuo)
es,Constante_G.py,0133,G experimental
es,Constante_G.py,0140,"round,pad=0.5"
es,Constante_G.py,0143,Figura 5: Comportamiento asint√≥tico de G(n) n‚Üí‚àû (log-log)
es,Constante_G.py,0164,Valor [m¬≥/kg¬∑s¬≤]
es,Constante_G.py,0165,{G_max:.8e}
es,Constante_G.py,0165,L√≠mite superior
es,Constante_G.py,0166,$G_2^{EXP}$ Experimental
es,Constante_G.py,0166,{G_exp:.8e}
es,Constante_G.py,0166,Valor medio
es,Constante_G.py,0167,{G_min:.8e}
es,Constante_G.py,0167,L√≠mite inferior
es,Constante_G.py,0168,$G_1^{VED}$ (n=2) EXACTO
es,Constante_G.py,0168,Obtenido emp√≠ricamente
es,Constante_G.py,0169,Diferencia absoluta
es,Constante_G.py,0169,{error_abs:.8e}
es,Constante_G.py,0170,Error relativo
es,Constante_G.py,0170,{error_rel:.6f} %
es,Constante_G.py,0170,Precisi√≥n VED
es,Constante_G.py,0248,CONSTANTE GRAVITATORIA G
es,Constante_G.py,0267,Onda confinada de la materia
es,Constante_G.py,0277,Holograma 2D
es,Constante_G.py,0286,Emergencia de G
es,Constante_G.py,0288,Figura 8: Materia como onda confinada sobre holograma 2D
es,Constante_G.py,0317,Radio del prot√≥n
es,Constante_G.py,0318,Ondas radiales prot√≥n
es,Constante_G.py,0319,Ondulaci√≥n 2D prot√≥n (n=4)
es,Constante_G.py,0322,Radio del prot√≥n
es,Constante_G.py,0323,Ondas del prot√≥n
es,Constante_G.py,0324,Ondulaci√≥n 2D
es,Constante_G.py,0326,Prot√≥n - Escala femtom√©trica (10‚Åª¬π‚Åµ m)
es,Constante_G.py,0342,Radio orbital electr√≥n
es,Constante_G.py,0343,Ondas radiales electr√≥n
es,Constante_G.py,0344,Ondulaci√≥n 2D electr√≥n (n=137)
es,Constante_G.py,0347,Radio orbital electr√≥n
es,Constante_G.py,0348,Ondas del electr√≥n
es,Constante_G.py,0349,Ondulaci√≥n 2D
es,Constante_G.py,0351,Electr√≥n - Escala at√≥mica (10‚Åª¬π¬π m)
es,Constante_G.py,0358,Figura 9. Ondas 2D y radiales del prot√≥n y del electr√≥n\n(holograf√≠a ‚Üí part√≠culas)
es,Constante_G.py,0378,$M_\mathrm{VED} = n h /$
es,Constante_G.py,0378,$(L_\mathrm{geom} c)$
es,Constante_G.py,0379,$M_\mathrm{Sch} = c^2 R_s /$
es,Constante_G.py,0379,"Igualando masas,\ndesaparece M"
es,Constante_G.py,0380,$L_\mathrm{geom}$ definida
es,Constante_G.py,0380,por VED
es,Constante_G.py,0381,$R_s$ definida por
es,Constante_G.py,0381,Cada lado define\nsu propia escala
es,Constante_G.py,0382,Cuantizaci√≥n
es,Constante_G.py,0382,n entero ‚Üí valores
es,Constante_G.py,0382,discretos de M y G
es,Constante_G.py,0383,"n no aparece,\nG queda determinado"
es,Constante_G.py,0383,n=2 coincide con\nvalor experimental de G
es,Constante_G.py,0384,Confinamiento 2D
es,Constante_G.py,0384,(superficie)
es,Constante_G.py,0385,3D ‚Üí holograf√≠a
es,Constante_G.py,0385,impl√≠cita
es,Constante_G.py,0385,Origen emergente\nde gravedad
es,Constante_G.py,0409,Figura 10: Comparaci√≥n conceptual VED vs Schwarzschild
es,entrelazamiento_geometrico.py,0009,Fundamento Einstein
es,entrelazamiento_geometrico.py,0009,Ecuaciones Fundamentales
es,entrelazamiento_geometrico.py,0032,ENTRELAZAMIENTO CU√ÅNTICO: Explicaci√≥n Geom√©trica Einstein-VED
es,entrelazamiento_geometrico.py,0049,Marco Interno: Tiempo Propio Compartido
es,entrelazamiento_geometrico.py,0068,Marco Externo: Perspectiva Convencional
es,entrelazamiento_geometrico.py,0073,SIMBOLOG√çA:\n\n
es,entrelazamiento_geometrico.py,0074,üî¥ Part√≠cula A (45¬∞)\n
es,entrelazamiento_geometrico.py,0075,üü¢ Part√≠cula B (225¬∞)\n
es,entrelazamiento_geometrico.py,0076,‚ö´ Observador\n
es,entrelazamiento_geometrico.py,0077,‚ñ¨‚ñ¨ Conexi√≥n geom√©trica\n
es,entrelazamiento_geometrico.py,0078,‚ñ¨‚ñ¨ L√≠neas de visi√≥n
es,entrelazamiento_geometrico.py,0084,"round,pad=0.6"
es,entrelazamiento_geometrico.py,0088,FRENTE DE ONDA
es,entrelazamiento_geometrico.py,0090,CLAVE EINSTEIN-VED:\n\n
es,entrelazamiento_geometrico.py,0091,"Ambas part√≠culas (incluidas las antipodales)\ncomparten el mismo espacio-tiempo propio t‚ÇÄ, s‚ÇÄ\n\n"
es,entrelazamiento_geometrico.py,0092,Porque: dt' ‚Üí 0 y ds' ‚Üí 0 a velocidad c\n\n
es,entrelazamiento_geometrico.py,0095,No hay acci√≥n a distancia
es,entrelazamiento_geometrico.py,0101,"round,pad=0.8"
es,entrelazamiento_geometrico.py,0109,FUNDAMENTO EINSTEIN-VED:\n\n
es,entrelazamiento_geometrico.py,0110,Las part√≠culas entrelazadas comparten un espacio-tiempo propio com√∫n desde su origen.
es,entrelazamiento_geometrico.py,0111,"Cuando viajan a velocidad c, sus diferenciales de tiempo y espacio propios tienden a cero"
es,entrelazamiento_geometrico.py,0112,"(dt' ‚Üí 0, ds' ‚Üí 0), manteni√©ndolas conectadas en el mismo instante t‚ÇÄ y posici√≥n s‚ÇÄ."
es,entrelazamiento_geometrico.py,0113,Esta simultaneidad geom√©trica explica las correlaciones cu√°nticas sin violar la relatividad.
es,entrelazamiento_geometrico.py,0119,"round,pad=0.8"
es,entrelazamiento_geometrico.py,0125,ECUACIONES FUNDAMENTALES:\n\n
es,entrelazamiento_geometrico.py,0126,Para part√≠culas a velocidad c:\n
es,entrelazamiento_geometrico.py,0130,Ecuaci√≥n de campo:\n
es,entrelazamiento_geometrico.py,0131,G‚Çò‚Çô + Œõg‚Çò‚Çô = (8œÄG/c‚Å¥)T‚Çò‚Çô\n\n
es,entrelazamiento_geometrico.py,0132,Simultaneidad absoluta en marco propio
es,entrelazamiento_geometrico.py,0138,"round,pad=0.8"
es,entrelazamiento_geometrico.py,0144,INTERPRETACI√ìN EINSTEIN-VED: El entrelazamiento cu√°ntico deja de ser parad√≥jico cuando se comprende
es,entrelazamiento_geometrico.py,0145,desde la geometr√≠a del espacio-tiempo. Part√≠culas generadas en el mismo evento comparten un frente
es,entrelazamiento_geometrico.py,0146,de onda donde su tiempo propio permanece congelado en t‚ÇÄ. Esta simultaneidad intr√≠nseca explica
es,entrelazamiento_geometrico.py,0147,correlaciones perfectas sin 'acci√≥n fantasmal'. La probabilidad cu√°ntica refleja perspectiva
es,entrelazamiento_geometrico.py,0147,acci√≥n fantasmal
es,entrelazamiento_geometrico.py,0148,"limitada del observador, no propiedad fundamental."
es,entrelazamiento_geometrico.py,0154,"round,pad=0.8"
es,entrelazamiento_geometrico.py,0167,üéØ CREANDO VERSI√ìN FINAL CON CUADROS EN MISMO NIVEL...
es,entrelazamiento_geometrico.py,0170,\n‚ú® CORRECCIONES APLICADAS:
es,entrelazamiento_geometrico.py,0171,‚Ä¢ Cuadros 'Fundamento Einstein' y 'Ecuaciones' en MISMO NIVEL
es,entrelazamiento_geometrico.py,0171,Fundamento Einstein
es,entrelazamiento_geometrico.py,0172,‚Ä¢ Figura m√°s ANCHA (16x10) para acomodar ambos
es,entrelazamiento_geometrico.py,0173,‚Ä¢ Dise√±o equilibrado y sim√©trico
es,entrelazamiento_geometrico.py,0174,‚Ä¢ Decoraci√≥n y colores RESPETADOS
es,entrelazamiento_geometrico.py,0175,‚Ä¢ CERO solapamientos
es,generador_svg.py,0019,Funci√≥n radial estado 1s: R‚ÇÅ‚ÇÄ(r) = 2/a‚ÇÄ^(3/2) exp(-r/a‚ÇÄ)
es,generador_svg.py,0023,Funci√≥n radial estado 2p: R‚ÇÇ‚ÇÅ(r) = (1/2‚àö6)(r/a‚ÇÄ¬≤) exp(-r/2a‚ÇÄ)
es,generador_svg.py,0027,Funci√≥n radial estado 3d: R‚ÇÉ‚ÇÇ(r) = (4/81‚àö30)(r¬≤/a‚ÇÄ^(7/2)) exp(-r/3a‚ÇÄ)
es,generador_svg.py,0032,"Funci√≥n de onda completa œà‚Çô‚Ñì‚Çò(r,Œ∏,œÜ) = R‚Çô‚Ñì(r)Y‚Ñì‚Çò(Œ∏,œÜ)"
es,generador_svg.py,0040,"Estado n={n}, ‚Ñì={ell} no implementado"
es,generador_svg.py,0046,"Calcula superficie VED: r(Œ∏,œÜ) = n¬≤a‚ÇÄ(1 + Œ±|Y‚Ñì‚Çò|)"
es,generador_svg.py,0063,Verifica coincidencia entre m√°ximo P(r) y radio VED
es,generador_svg.py,0085,Genera comparaci√≥n completa Einstein-VED vs Mec√°nica Cu√°ntica
es,generador_svg.py,0090,üî¨ CALCULANDO COMPARACI√ìN EINSTEIN-VED vs MC...
es,generador_svg.py,0119,"Densidad |œà|¬≤ - {estado[""label""]}\n(plano Z=0.5Y)"
es,generador_svg.py,0120,x (m)
es,generador_svg.py,0121,y (m)
es,generador_svg.py,0129,VED: {r_ved:.2e}m
es,generador_svg.py,0147,P(r) MC
es,generador_svg.py,0149,VED: {r_ved:.2e} m
es,generador_svg.py,0155,Precisi√≥n: {precision:.2f}%
es,generador_svg.py,0159,"Probabilidad Radial - {estado[""label""]}"
es,generador_svg.py,0160,r (m)
es,generador_svg.py,0161,P(r) normalizada
es,generador_svg.py,0172,COMPARACI√ìN EINSTEIN-VED vs MEC√ÅNICA CU√ÅNTICA - C√ÅLCULOS EXACTOS\n
es,generador_svg.py,0173,Radios deterministas vs distribuciones probabil√≠sticas
es,generador_svg.py,0189,RESULTADOS EXACTOS EINSTEIN-VED
es,generador_svg.py,0192,"{res['estado']}: r_VED = {res['r_ved']:.3e} m,"
es,generador_svg.py,0193,"r_MC = {res['r_max_mc']:.3e} m,"
es,generador_svg.py,0194,Precisi√≥n = {res['precision']:.2f}%
es,generador_svg.py,0196,‚úÖ COMPARACI√ìN GENERADA - COINCIDENCIA >99% CONFIRMADA
es,graficas_einstein_ved_n4.py,0012,font.size
es,graficas_einstein_ved_n4.py,0013,axes.titlesize
es,graficas_einstein_ved_n4.py,0014,axes.labelsize
es,graficas_einstein_ved_n4.py,0015,xtick.labelsize
es,graficas_einstein_ved_n4.py,0016,ytick.labelsize
es,graficas_einstein_ved_n4.py,0017,legend.fontsize
es,graficas_einstein_ved_n4.py,0018,figure.titlesize
es,graficas_einstein_ved_n4.py,0051,Modelo Convencional ¬±3œÉ
es,graficas_einstein_ved_n4.py,0055,LHC Experimental ¬±3œÉ
es,graficas_einstein_ved_n4.py,0059,Einstein-VED Determinista
es,graficas_einstein_ved_n4.py,0069,Modelo Convencional
es,graficas_einstein_ved_n4.py,0069,LHC Experimental
es,graficas_einstein_ved_n4.py,0069,Einstein-VED (n=4)
es,graficas_einstein_ved_n4.py,0070,Radio del Prot√≥n (fm)
es,graficas_einstein_ved_n4.py,0078,‚úÖ Guardado: {filename}
es,graficas_einstein_ved_n4.py,0082,MC Probabil√≠stica\n(1920s-)
es,graficas_einstein_ved_n4.py,0082,Datos LHC\n(2010s-)
es,graficas_einstein_ved_n4.py,0082,Einstein-VED\n(2024-)
es,graficas_einstein_ved_n4.py,0094,Radio del Prot√≥n (fm)
es,graficas_einstein_ved_n4.py,0095,Evoluci√≥n Te√≥rica: De Probabilidad a Geometr√≠a Determinista
es,graficas_einstein_ved_n4.py,0098,Einstein-VED:\nGeometr√≠a exacta\nsin probabilidad
es,graficas_einstein_ved_n4.py,0101,"round,pad=0.3"
es,graficas_einstein_ved_n4.py,0116,Teor√≠a
es,graficas_einstein_ved_n4.py,0116,Radio (fm)
es,graficas_einstein_ved_n4.py,0116,Precisi√≥n
es,graficas_einstein_ved_n4.py,0118,Einstein-VED (n=4)
es,graficas_einstein_ved_n4.py,0118,{VED_mean:.5f}
es,graficas_einstein_ved_n4.py,0119,LHC Experimental
es,graficas_einstein_ved_n4.py,0119,{LHC_mean:.5f}
es,graficas_einstein_ved_n4.py,0120,Modelo Convencional
es,graficas_einstein_ved_n4.py,0120,{MC_mean:.2f}
es,graficas_einstein_ved_n4.py,0120,Baja precisi√≥n
es,graficas_einstein_ved_n4.py,0138,Comparativa de Radios Prot√≥nicos - Datos VED Exactos (n=4)
es,graficas_einstein_ved_n4.py,0156,Einstein-VED
es,graficas_einstein_ved_n4.py,0157,MC (m√°ximos prob.)
es,graficas_einstein_ved_n4.py,0158,Estado Cu√°ntico
es,graficas_einstein_ved_n4.py,0159,Radio (unidades de a‚ÇÄ)
es,graficas_einstein_ved_n4.py,0160,Radios At√≥micos: Valores Exactos vs Probabil√≠sticos
es,graficas_einstein_ved_n4.py,0168,{height:.0f}
es,graficas_einstein_ved_n4.py,0177,1s (MC)
es,graficas_einstein_ved_n4.py,0178,2p (MC)
es,graficas_einstein_ved_n4.py,0179,3d (MC)
es,graficas_einstein_ved_n4.py,0180,Radio VED 1s
es,graficas_einstein_ved_n4.py,0181,Radio VED 2p
es,graficas_einstein_ved_n4.py,0182,Radio VED 3d
es,graficas_einstein_ved_n4.py,0183,Distancia radial (unidades de a‚ÇÄ)
es,graficas_einstein_ved_n4.py,0184,Densidad (normalizada)
es,graficas_einstein_ved_n4.py,0185,Interpretaci√≥n: Probabilidad MC vs Geometr√≠a VED
es,graficas_einstein_ved_n4.py,0200,üöÄ GENERANDO TODAS LAS GR√ÅFICAS EINSTEIN-VED (n=4)...
es,graficas_einstein_ved_n4.py,0202,Radio del Prot√≥n: Comparativa Exacta Einstein-VED
es,graficas_einstein_ved_n4.py,0207,üéØ TODAS LAS GR√ÅFICAS GENERADAS ‚úÖ
es,orbitales.py,0034,Orbitales de Hidr√≥geno con onda confinada (Einstein-VED)
es,orbitales.py,0040,"n={n}, {n_cycles} Œª"
es,orbitales.py,0042,X [m]
es,orbitales.py,0043,Y [m]
es,orbitales.py,0044,Z [m]
es,proton_comparativa_destacado.py,0021,Calcula rango ¬±3œÉ para visualizaci√≥n
es,proton_comparativa_destacado.py,0045,MC: Probabilistic
es,proton_comparativa_destacado.py,0047,LHC: Experimental
es,proton_comparativa_destacado.py,0049,Einstein-VED: Deterministic
es,proton_comparativa_destacado.py,0062,Quantum Mechanics
idioma;archivo;id;texto_traducido
es,proton_comparativa_destacado.py,0062,LHC Experimental
es,proton_comparativa_destacado.py,0062,Einstein-VED
es,proton_comparativa_destacado.py,0063,Proton Radius (fm)
es,proton_comparativa_destacado.py,0064,Proton Radius Estimates\nwith ¬±3œÉ Ranges
es,proton_comparativa_destacado.py,0080,"round,pad=0.3"
es,validacion_experimental.py,0020,Genera comparaci√≥n con PREDICCIONES EXACTAS Einstein-VED
es,validacion_experimental.py,0027,Prot√≥n
es,validacion_experimental.py,0027,Neutr√≥n
es,validacion_experimental.py,0036,Einstein-VED
es,validacion_experimental.py,0038,LHC (Experimental)
es,validacion_experimental.py,0040,Nucle√≥n
es,validacion_experimental.py,0041,Radio de Carga (fm)
es,validacion_experimental.py,0042,a) Radios Nucleares: VED vs Experimental\n(Precisi√≥n >99%)
es,validacion_experimental.py,0053,{precision:.1f}%
es,validacion_experimental.py,0060,Prot√≥n (LHC)
es,validacion_experimental.py,0060,Quark (VED)
es,validacion_experimental.py,0060,"L√≠mite ""puntual"""
es,validacion_experimental.py,0073,Tama√±o (fm)
es,validacion_experimental.py,0074,b) Predicci√≥n VED: Quarks NO Puntuales
es,validacion_experimental.py,0079,{long*1e15:.3f} fm
es,validacion_experimental.py,0089,ro-
es,validacion_experimental.py,0090,Masa (eV/c¬≤) - Escala log
es,validacion_experimental.py,0091,Longitud Compton (m) - Escala log
es,validacion_experimental.py,0092,c) Relaci√≥n Masa-Tama√±o Einstein-VED\nŒª = h/mc
es,validacion_experimental.py,0096,electr√≥n
es,validacion_experimental.py,0096,quark up
es,validacion_experimental.py,0096,quark down
es,validacion_experimental.py,0096,mu√≥n
es,validacion_experimental.py,0098,offset points
es,validacion_experimental.py,0103,PREDICCIONES EINSTEIN-VED:
es,validacion_experimental.py,0104,‚Ä¢ Radios EXACTOS desde primeros principios
es,validacion_experimental.py,0105,‚Ä¢ Quarks: ~0.05 fm (NO puntuales)
es,validacion_experimental.py,0106,‚Ä¢ Sin probabilidades - Valores deterministas
es,validacion_experimental.py,0108,FUNDAMENTO:
es,validacion_experimental.py,0109,‚Ä¢ Masa conocida ‚Üí Longitud Compton exacta
es,validacion_experimental.py,0110,‚Ä¢ Confinamiento: L = nŒª (n entero)
es,validacion_experimental.py,0111,‚Ä¢ Geometr√≠a ‚Üí Estructura exacta
es,validacion_experimental.py,0113,VERIFICACI√ìN FUTURA:\nLHC mejorado confirmar√°\nestructura quark predicha
es,validacion_experimental.py,0121,PREDICCIONES EINSTEIN-VED: Geometr√≠a Exacta vs Datos Experimentales\n
es,validacion_experimental.py,0122,De √°tomos a quarks - Todos los tama√±os calculables exactamente
es,validacion_experimental.py,0130,PREDICCIONES EXACTAS EINSTEIN-VED
es,validacion_experimental.py,0133,\nPRECISI√ìN vs EXPERIMENTAL:
es,validacion_experimental.py,0134,Prot√≥n:  {precisiones_ved[0]:.2f}%
es,validacion_experimental.py,0135,Neutr√≥n: {precisiones_ved[1]:.2f}%
es,validacion_experimental.py,0137,\nPREDICCI√ìN SOBRE QUARKS:
es,validacion_experimental.py,0138,Tama√±o m√≠nimo quark (VED): {datos_experimentales['prediccion_quark_ved']*1e15:.3f} fm
es,validacion_experimental.py,0139,L√≠mite experimental actual: < 0.001 fm
es,validacion_experimental.py,0140,Conclusi√≥n: Los quarks NO pueden ser puntuales
es,validacion_experimental.py,0142,\nRELACI√ìN MASA-TAMA√ëO:
es,validacion_experimental.py,0145,Quark down (4.8 MeV): {4.1e-16:.2e} m
es,validacion_experimental.py,0148,üî¨ GENERANDO PREDICCIONES EINSTEIN-VED...
es,validacion_experimental.py,0150,‚úÖ GR√ÅFICO DE PREDICCIONES GENERADO
de;confinamiento.py;0020;Berechnet ¬±3œÉ-Bereich f√ºr Visualisierung
de;confinamiento.py;0037;Mittlerer Radius (fm)
de;confinamiento.py;0037;Min (fm)
de;confinamiento.py;0037;Max (fm)
de;confinamiento.py;0038;{mc_mean:.3f}
de;confinamiento.py;0038;{mc_min:.3f}
de;confinamiento.py;0038;{mc_max:.3f}
de;confinamiento.py;0038;¬±{MC_sigma:.3f}
de;confinamiento.py;0038;Quantenmechanik (MC)
de;confinamiento.py;0039;{lhc_mean:.5f}
de;confinamiento.py;0039;{lhc_min:.5f}
de;confinamiento.py;0039;{lhc_max:.5f}
de;confinamiento.py;0039;¬±{LHC_sigma:.3f}
de;confinamiento.py;0039;LHC Experimentell
de;confinamiento.py;0040;{ved_mean:.5f}
de;confinamiento.py;0040;{ved_min:.5f}
de;confinamiento.py;0040;{ved_max:.5f}
de;confinamiento.py;0040;¬±{VED_sigma:.5f}
de;confinamiento.py;0040;Einstein-VED
de;confinamiento.py;0072;Abbildung 1: 2D vs 3D Einschlussgeometrien
de;confinamiento.py;0079;Elektron: 2D Einschluss\nn = 137 (Oberfl√§che)
de;confinamiento.py;0084;Proton: 3D Einschluss\nn = 4 (Volumen)
de;confinamiento.py;0089;Quarks: Geometrische Dipole\n3D Verankerung
de;confinamiento.py;0094;Emergente Quantenstatistik: 2D vs 3D
de;confinamiento.py;0100;Elektron 2D Oberfl√§che - SAUBERE SKALEN
de;confinamiento.py;0132;Proton 3D Volumen - SAUBERE SKALEN
de;confinamiento.py;0171;Quark-Dipole an Dimensionen verankert
de;confinamiento.py;0187;Quark {dim}
de;confinamiento.py;0192;Hadronischer Einschluss
de;confinamiento.py;0200;Fermi vs Bose statistischer Vergleich
de;confinamiento.py;0201;2D Einschluss\n(Elektron)
de;confinamiento.py;0201;3D Einschluss\n(Proton)
de;confinamiento.py;0208;Fermi-Dirac (Ausschluss)
de;confinamiento.py;0210;Bose-Einstein (Kondensation)
de;confinamiento.py;0213;Statistisches Verhalten
de;confinamiento.py;0218;Maximal 1 Teilchen\npro Zustand
de;confinamiento.py;0219;Mehrere Teilchen\ngleicher Zustand
de;confinamiento.py;0224;Abbildung 2: Experimentelle Validierung
de;confinamiento.py;0228;Proton VED
de;confinamiento.py;0228;Proton LHC
de;confinamiento.py;0228;Neutron VED
de;confinamiento.py;0228;Neutron Exp
de;confinamiento.py;0234;Radius (fm)
de;confinamiento.py;0235;Hadronische Radien Vorhersage
de;confinamiento.py;0240;{radius:.5f}
de;confinamiento.py;0243;Einstein-VED
de;confinamiento.py;0243;Gitter QCD
de;confinamiento.py;0243;Konstituenten-Modell
de;confinamiento.py;0247;Genauigkeit (%)
de;confinamiento.py;0248;Genauigkeitsvergleich
de;confinamiento.py;0253;{prec}%
de;confinamiento.py;0259;Einstein-VED
de;confinamiento.py;0265;Feinstrukturkonstante
de;confinamiento.py;0270;{value:.3f}
de;confinamiento.py;0275;DIPOLARE ERKL√ÑRUNG VON LHC-JETS:\n\n
de;confinamiento.py;0276;‚Ä¢ Quarks = Geometrische Dipole an Dimensionen verankert\n
de;confinamiento.py;0277;‚Ä¢ Bei Energiezufuhr: Dipolbruch\n
de;confinamiento.py;0278;‚Ä¢ Erzeugung neuer Quark-Antiquark-Paare\n
de;confinamiento.py;0279;‚Ä¢ Bildung hadronischer Jets in entgegengesetzten Richtungen\n
de;confinamiento.py;0280;‚Ä¢ Keine unendliche 'Einschlusskraft'\n
de;confinamiento.py;0280;Einschlusskraft
de;confinamiento.py;0281;‚Ä¢ Nur nat√ºrliche geometrische Rekonfiguration
de;confinamiento.py;0290;Abbildung 3: L√∂sung zu Quantenparadoxien
de;confinamiento.py;0310;Doppelspalt-L√∂sung
de;confinamiento.py;0328;Ausbreitungsrichtung
de;confinamiento.py;0329;Position
de;confinamiento.py;0330;DOPPELSPALT-L√ñSUNG:\nKomplette Oberfl√§che interagiert
de;confinamiento.py;0333;Teilchen durch zwei Wege
de;confinamiento.py;0333;Nicht "Teilchen durch zwei Wege"\nEs ist OBERFL√ÑCHE durch beide
de;confinamiento.py;0337;Geometrische L√∂sung zur Verschr√§nkung
de;confinamiento.py;0349;Teilchen A
de;confinamiento.py;0350;Teilchen B
de;confinamiento.py;0351;GEMEINSAME GEOMETRIE
de;confinamiento.py;0357;VERSCHR√ÑNKUNG:\nGemeinsame Geometrie, keine Fernwirkung
de;confinamiento.py;0362;L√∂sung zum Wellenfunktionskollaps
de;confinamiento.py;0368;Reale Geometrie (immer definiert)
de;confinamiento.py;0369;Wahrscheinlichkeit vor Messung
de;confinamiento.py;0369;MC: "Wahrscheinlichkeit vor Messung"
de;confinamiento.py;0375;Position
de;confinamiento.py;0377;ENDE DES "KOLLAPSES":\nDefinierte Geometrie, nicht probabilistisch
de;confinamiento.py;0383;L√∂sung zur Quantenstatistik
de;confinamiento.py;0387;EMERGENTE QUANTENSTATISTIK\n\n
de;confinamiento.py;0388;Fermi-Dirac (Ausschluss):\n
de;confinamiento.py;0389;‚Ä¢ 2D Einschluss (Elektron)\n
de;confinamiento.py;0390;‚Ä¢ Nat√ºrliche topologische Einschr√§nkung\n
de;confinamiento.py;0391;‚Ä¢ Nur 1 Teilchen pro Zustand\n\n
de;confinamiento.py;0392;Bose-Einstein (Kondensation):\n
de;confinamiento.py;0393;‚Ä¢ 3D Einschluss (Proton)\n
de;confinamiento.py;0394;‚Ä¢ Komplette sph√§rische Geometrie\n
de;confinamiento.py;0395;‚Ä¢ Mehrere Teilchen gleicher Zustand\n\n
de;confinamiento.py;0396;Sie sind KEINE fundamentalen Eigenschaften\n
de;confinamiento.py;0397;Sie SIND geometrische Konsequenzen
de;confinamiento.py;0405;Speichere alle Abbildungen
de;confinamiento.py;0408;Generiere Einstein-VED Visualisierungen...
de;confinamiento.py;0411;Generiere Abbildung 1: Einschlussgeometrien...
de;confinamiento.py;0418;‚úì Einschlussgeometrien gespeichert
de;confinamiento.py;0420;Generiere Abbildung 2: Experimentelle Validierung...
de;confinamiento.py;0427;‚úì Experimentelle Validierung gespeichert
de;confinamiento.py;0429;Generiere Abbildung 3: Quantenparadoxien L√∂sung...
de;confinamiento.py;0435;‚úì Quantenparadoxien L√∂sung gespeichert
de;confinamiento.py;0437;\n‚úÖ Alle Abbildungen gespeichert in {format} Format (DPI: {dpi})
de;confinamiento.py;0440;‚ùå Fehler w√§hrend der Generierung: {e}
de;confinamiento.py;0448;Starte Generierung von Einstein-VED Visualisierungen...
de;confinamiento.py;0453;\nüé® Visualisierungen abgeschlossen!
de;confinamiento.py;0454;Generierte Dateien:
de;confinamiento_geometrico.py;0023;Welle œà(x)
de;confinamiento_geometrico.py;0026;Position x
de;confinamiento_geometrico.py;0027;Amplitude œà(x)
de;confinamiento_geometrico.py;0028;EINSTEIN-VED EINSCHLUSS: Welle ‚Üí Teilchen
de;confinamiento_geometrico.py;0043;Position x
de;confinamiento_geometrico.py;0044;Amplitude œà(x)
de;confinamiento_geometrico.py;0045;1. Sinuswelle auf ebener Oberfl√§che
de;confinamiento_geometrico.py;0064;2. √úbergang: Aufwicklung ({progress*100:.0f}%)
de;confinamiento_geometrico.py;0065;X-Koordinate
de;confinamiento_geometrico.py;0066;Y-Koordinate
de;confinamiento_geometrico.py;0076;Eingeschlossen (n={n_cycles})
de;confinamiento_geometrico.py;0077;EINSTEIN-VED BEDINGUNG: L = {n_cycles}Œª
de;confinamiento_geometrico.py;0080;3. Selbst-eingeschlossene Welle - Stabiles Teilchen
de;confinamiento_geometrico.py;0081;X-Koordinate
de;confinamiento_geometrico.py;0082;Y-Koordinate
de;confinamiento_geometrico.py;0118;a) Freie ebene Welle
de;confinamiento_geometrico.py;0119;Position x
de;confinamiento_geometrico.py;0120;Amplitude œà(x)
de;confinamiento_geometrico.py;0137;b) √úbergang
de;confinamiento_geometrico.py;0138;X-Koordinate
de;confinamiento_geometrico.py;0139;Y-Koordinate
de;confinamiento_geometrico.py;0155;c) Eingeschlossen n=3\nL = 3Œª
de;confinamiento_geometrico.py;0156;X-Koordinate
de;confinamiento_geometrico.py;0157;Y-Koordinate
de;confinamiento_geometrico.py;0159;BEDINGUNG: L = nŒª
de;confinamiento_geometrico_tiempo.py;0011;n=1: Glatte Raumzeit-R√∂hre + fundamentale Kreiswelle
de;confinamiento_geometrico_tiempo.py;0044;GRUNDZUSTAND n=1\nRaumzeit + Kreiswelle
de;confinamiento_geometrico_tiempo.py;0056;n=3: Raumzeit-Mannigfaltigkeit + Welle mit 3 Knoten
de;confinamiento_geometrico_tiempo.py;0093;ANGEREGTER ZUSTAND n=3\nRaumzeit-Mannigfaltigkeit + 3 Knoten
de;confinamiento_geometrico_tiempo.py;0105;Seitenvergleich n=1 vs n=3
de;confinamiento_geometrico_tiempo.py;0132;n=1: Grundzustand
de;confinamiento_geometrico_tiempo.py;0153;n=3: Angeregter Zustand
de;confinamiento_geometrico_tiempo.py;0164;Zeigt wie dt-Kurven n=1 Oberfl√§che generieren
de;confinamiento_geometrico_tiempo.py;0202;GENERIERUNG n=1: dt ‚Üí Oberfl√§che\nKreisf√∂rmige Kurven generieren Zylinder
de;confinamiento_geometrico_tiempo.py;0214;Zeigt wie dt-Kurven n=3 Oberfl√§che generieren
de;confinamiento_geometrico_tiempo.py;0257;GENERIERUNG n=3: dt ‚Üí Mannigfaltigkeit\nKurven mit Knoten generieren Geometrie
de;confinamiento_geometrico_tiempo.py;0269;Vollst√§ndige dt-Evolution durch Œ¥t
de;confinamiento_geometrico_tiempo.py;0302;Œ¥t={t}
de;confinamiento_geometrico_tiempo.py;0309;Zeitliche\nEvolution
de;confinamiento_geometrico_tiempo.py;0313;VOLLST√ÑNDIGE EVOLUTION: dt ‚Üí Œ¥t ‚Üí n Zust√§nde\nEinstein-VED Quanteneinschluss
de;confinamiento_geometrico_tiempo.py;0325;üé® GENERIERE DIE 6 VOLLST√ÑNDIGEN EINSTEIN-VED GRAPHIKEN...
de;confinamiento_geometrico_tiempo.py;0337;\n‚úÖ DIE 6 VOLLST√ÑNDIGEN GRAPHIKEN:
de;Constante_G.py;0042;Protonenradius (Mittellinie)
de;Constante_G.py;0046;Abbildung 1: VED eingeschlossene Welle des Protons, n=2
de;Constante_G.py;0059;Schwarzes Loch
de;Constante_G.py;0061;2D Oberfl√§che
de;Constante_G.py;0066;Abbildung 2: Schwarzes Loch und holographische 2D Oberfl√§che
de;Constante_G.py;0078;Experimentelles G
de;Constante_G.py;0083;n={n}
de;Constante_G.py;0088;Berechnetes G [m^3/kg/s^2]
de;Constante_G.py;0089;Abbildung 3: G Ziel ¬±3œÉ
de;Constante_G.py;0116;Berechnetes G [m^3/kg/s^2]
de;Constante_G.py;0117;Abbildung 4: G Ziel ¬±4œÉ (Pfeile)
de;Constante_G.py;0130;Asymptotisches G(n) (kontinuierlich)
de;Constante_G.py;0133;Experimentelles G
de;Constante_G.py;0140;round,pad=0.5
de;Constante_G.py;0143;Abbildung 5: Asymptotisches Verhalten von G(n) n‚Üí‚àû (log-log)
de;Constante_G.py;0164;Wert [m¬≥/kg¬∑s¬≤]
de;Constante_G.py;0165;{G_max:.8e}
de;Constante_G.py;0165;Obere Grenze
de;Constante_G.py;0166;$G_2^{EXP}$ Experimentell
de;Constante_G.py;0166;{G_exp:.8e}
de;Constante_G.py;0166;Mittelwert
de;Constante_G.py;0167;{G_min:.8e}
de;Constante_G.py;0167;Untere Grenze
de;Constante_G.py;0168;$G_1^{VED}$ (n=2) EXAKT
de;Constante_G.py;0168;Empirisch erhalten
de;Constante_G.py;0169;Absolute Differenz
de;Constante_G.py;0169;{error_abs:.8e}
de;Constante_G.py;0170;Relativer Fehler
de;Constante_G.py;0170;{error_rel:.6f} %
de;Constante_G.py;0170;VED Genauigkeit
de;Constante_G.py;0248;GRAVITATIONSKONSTANTE G
de;Constante_G.py;0267;Eingeschlossene Materiewelle
de;Constante_G.py;0277;2D Hologramm
de;Constante_G.py;0286;Emergenz von G
de;Constante_G.py;0288;Abbildung 8: Materie als eingeschlossene Welle auf 2D Hologramm
de;Constante_G.py;0317;Protonenradius
de;Constante_G.py;0318;Protonen Radialwellen
de;Constante_G.py;0319;Proton 2D Welligkeit (n=4)
de;Constante_G.py;0322;Protonenradius
de;Constante_G.py;0323;Protonenwellen
de;Constante_G.py;0324;2D Welligkeit
de;Constante_G.py;0326;Proton - Femtometerskala (10‚Åª¬π‚Åµ m)
de;Constante_G.py;0342;Elektronen Orbitalradius
de;Constante_G.py;0343;Elektronen Radialwellen
de;Constante_G.py;0344;Elektron 2D Welligkeit (n=137)
de;Constante_G.py;0347;Elektronen Orbitalradius
de;Constante_G.py;0348;Elektronenwellen
de;Constante_G.py;0349;2D Welligkeit
de;Constante_G.py;0351;Elektron - Atomskala (10‚Åª¬π¬π m)
de;Constante_G.py;0358;Abbildung 9. 2D und Radialwellen von Proton und Elektron\n(Holographie ‚Üí Teilchen)
de;Constante_G.py;0378;$M_\mathrm{VED} = n h /$
de;Constante_G.py;0378;$(L_\mathrm{geom} c)$
de;Constante_G.py;0379;$M_\mathrm{Sch} = c^2 R_s /$
de;Constante_G.py;0379;Gleichsetzen Massen,\nM verschwindet
de;Constante_G.py;0380;$L_\mathrm{geom}$ definiert
de;Constante_G.py;0380;durch VED
de;Constante_G.py;0381;$R_s$ definiert durch
de;Constante_G.py;0381;Jede Seite definiert\neigene Skala
de;Constante_G.py;0382;Quantisierung
de;Constante_G.py;0382;n ganzzahlig ‚Üí diskrete
de;Constante_G.py;0382;Werte von M und G
de;Constante_G.py;0383;n erscheint nicht,\nG ist bestimmt
de;Constante_G.py;0383;n=2 stimmt mit\nexperimentellem G-Wert √ºberein
de;Constante_G.py;0384;2D Einschluss
de;Constante_G.py;0384;(Oberfl√§che)
de;Constante_G.py;0385;3D ‚Üí implizite
de;Constante_G.py;0385;Holographie
de;Constante_G.py;0385;Emergenter Ursprung\nder Gravitation
de;Constante_G.py;0409;Abbildung 10: Konzeptueller Vergleich VED vs Schwarzschild
de;entrelazamiento_geometrico.py;0009;Einstein Grundlage
de;entrelazamiento_geometrico.py;0009;Fundamentale Gleichungen
de;entrelazamiento_geometrico.py;0032;QUANTENVERSCHR√ÑNKUNG: Geometrische Erkl√§rung Einstein-VED
de;entrelazamiento_geometrico.py;0049;Interner Rahmen: Gemeinsame Eigenzeit
de;entrelazamiento_geometrico.py;0068;Externer Rahmen: Konventionelle Perspektive
de;entrelazamiento_geometrico.py;0073;SYMBOLIK:\n\n
de;entrelazamiento_geometrico.py;0074;üî¥ Teilchen A (45¬∞)\n
de;entrelazamiento_geometrico.py;0075;üü¢ Teilchen B (225¬∞)\n
de;entrelazamiento_geometrico.py;0076;‚ö´ Beobachter\n
de;entrelazamiento_geometrico.py;0077;‚ñ¨‚ñ¨ Geometrische Verbindung\n
de;entrelazamiento_geometrico.py;0078;‚ñ¨‚ñ¨ Sichtlinien
de;entrelazamiento_geometrico.py;0084;round,pad=0.6
de;entrelazamiento_geometrico.py;0088;WELLENFRONT
de;entrelazamiento_geometrico.py;0090;EINSTEIN-VED SCHL√úSSEL:\n\n
de;entrelazamiento_geometrico.py;0091;Beide Teilchen (einschlie√ülich antipodal)\nteilen dieselbe Eigen-Raumzeit t‚ÇÄ, s‚ÇÄ\n\n
de;entrelazamiento_geometrico.py;0092;Weil: dt' ‚Üí 0 und ds' ‚Üí 0 bei Geschwindigkeit c\n\n
de;entrelazamiento_geometrico.py;0095;Keine Fernwirkung
de;entrelazamiento_geometrico.py;0101;round,pad=0.8
de;entrelazamiento_geometrico.py;0109;EINSTEIN-VED GRUNDLAGE:\n\n
de;entrelazamiento_geometrico.py;0110;Verschr√§nkte Teilchen teilen eine gemeinsame Eigen-Raumzeit von ihrem Ursprung.
de;entrelazamiento_geometrico.py;0111;Wenn sie mit Lichtgeschwindigkeit reisen, tendieren ihre Eigenzeit- und Eigenraum-Differentiale zu Null
de;entrelazamiento_geometrico.py;0112;(dt' ‚Üí 0, ds' ‚Üí 0), halten sie verbunden zum selben Zeitpunkt t‚ÇÄ und Position s‚ÇÄ.
de;entrelazamiento_geometrico.py;0113;Diese geometrische Gleichzeitigkeit erkl√§rt Quantenkorrelationen ohne Relativit√§t zu verletzen.
de;entrelazamiento_geometrico.py;0119;round,pad=0.8
de;entrelazamiento_geometrico.py;0125;FUNDAMENTALE GLEICHUNGEN:\n\n
de;entrelazamiento_geometrico.py;0126;F√ºr Teilchen bei Geschwindigkeit c:\n
de;entrelazamiento_geometrico.py;0130;Feldgleichung:\n
de;entrelazamiento_geometrico.py;0131;G‚Çò‚Çô + Œõg‚Çò‚Çô = (8œÄG/c‚Å¥)T‚Çò‚Çô\n\n
de;entrelazamiento_geometrico.py;0132;Absolute Gleichzeitigkeit im Eigenrahmen
de;entrelazamiento_geometrico.py;0138;round,pad=0.8
de;entrelazamiento_geometrico.py;0144;EINSTEIN-VED INTERPRETATION: Quantenverschr√§nkung h√∂rt auf paradox zu sein wenn verstanden
de;entrelazamiento_geometrico.py;0145;aus Raumzeit-Geometrie. Teilchen generiert im selben Ereignis teilen eine Wellenfront
de;entrelazamiento_geometrico.py;0146;wo ihre Eigenzeit eingefroren bleibt bei t‚ÇÄ. Diese intrinsische Gleichzeitigkeit erkl√§rt
de;entrelazamiento_geometrico.py;0147;perfekte Korrelationen ohne 'spukhafte Fernwirkung'. Quantenwahrscheinlichkeit reflektiert begrenzte
de;entrelazamiento_geometrico.py;0147;spukhafte Fernwirkung
de;entrelazamiento_geometrico.py;0148;Beobachterperspektive, nicht fundamentale Eigenschaft.
de;entrelazamiento_geometrico.py;0154;round,pad=0.8
de;entrelazamiento_geometrico.py;0167;üéØ ERSTELLE FINALVERSION MIT K√ÑSTEN AUF GLEICHER EBENE...
de;entrelazamiento_geometrico.py;0170;\n‚ú® KORREKTUREN ANGEWENDET:
de;entrelazamiento_geometrico.py;0171;‚Ä¢ K√§stchen 'Einstein Grundlage' und 'Gleichungen' AUF GLEICHER EBENE
de;entrelazamiento_geometrico.py;0171;Einstein Grundlage
de;entrelazamiento_geometrico.py;0172;‚Ä¢ BREITERE Abbildung (16x10) um beide aufzunehmen
de;entrelazamiento_geometrico.py;0173;‚Ä¢ Ausgeglichenes und symmetrisches Design
de;entrelazamiento_geometrico.py;0174;‚Ä¢ Dekoration und Farben RESPEKTIERT
de;entrelazamiento_geometrico.py;0175;‚Ä¢ NULL √úberlappungen