fr;confinamiento.py;0020;Calcule la plage ¬±3œÉ pour la visualisation
fr;confinamiento.py;0037;Rayon moyen (fm)
fr;confinamiento.py;0037;Min (fm)
fr;confinamiento.py;0037;Max (fm)
fr;confinamiento.py;0038;{mc_mean:.3f}
fr;confinamiento.py;0038;{mc_min:.3f}
fr;confinamiento.py;0038;{mc_max:.3f}
fr;confinamiento.py;0038;¬±{MC_sigma:.3f}
fr;confinamiento.py;0038;M√©canique Quantique (MC)
fr;confinamiento.py;0039;{lhc_mean:.5f}
fr;confinamiento.py;0039;{lhc_min:.5f}
fr;confinamiento.py;0039;{lhc_max:.5f}
fr;confinamiento.py;0039;¬±{LHC_sigma:.3f}
fr;confinamiento.py;0039;Exp√©rimental LHC
fr;confinamiento.py;0040;{ved_mean:.5f}
fr;confinamiento.py;0040;{ved_min:.5f}
fr;confinamiento.py;0040;{ved_max:.5f}
fr;confinamiento.py;0040;¬±{VED_sigma:.5f}
fr;confinamiento.py;0040;Einstein-VED
fr;confinamiento.py;0072;Figure 1: G√©om√©tries de confinement 2D vs 3D
fr;confinamiento.py;0079;√âlectron: Confinement 2D\nn = 137 (Surface)
fr;confinamiento.py;0084;Proton: Confinement 3D\nn = 4 (Volume)
fr;confinamiento.py;0089;Quarks: Dip√¥les G√©om√©triques\nAncrage 3D
fr;confinamiento.py;0094;Statistique Quantique √âmergente: 2D vs 3D
fr;confinamiento.py;0100;Surface 2D de l'√©lectron - √âCHELLES NETTES
fr;confinamiento.py;0132;Volume 3D du proton - √âCHELLES NETTES
fr;confinamiento.py;0171;Dip√¥les de quarks ancr√©s aux dimensions
fr;confinamiento.py;0187;Quark {dim}
fr;confinamiento.py;0192;Confinement Hadronique
fr;confinamiento.py;0200;Comparaison statistique Fermi vs Bose
fr;confinamiento.py;0201;Confinement 2D\n(√âlectron)
fr;confinamiento.py;0201;Confinement 3D\n(Proton)
fr;confinamiento.py;0208;Fermi-Dirac (Exclusion)
fr;confinamiento.py;0210;Bose-Einstein (Condensation)
fr;confinamiento.py;0213;Comportement Statistique
fr;confinamiento.py;0218;Maximum 1 particule\npar √©tat
fr;confinamiento.py;0219;Multiples particules\nm√™me √©tat
fr;confinamiento.py;0224;Figure 2: Validation exp√©rimentale
fr;confinamiento.py;0228;Proton VED
fr;confinamiento.py;0228;Proton LHC
fr;confinamiento.py;0228;Neutron VED
fr;confinamiento.py;0228;Neutron Exp
fr;confinamiento.py;0234;Rayon (fm)
fr;confinamiento.py;0235;Pr√©diction des Rayons Hadroniques
fr;confinamiento.py;0240;{radius:.5f}
fr;confinamiento.py;0243;Einstein-VED
fr;confinamiento.py;0243;QCD R√©seau
fr;confinamiento.py;0243;Mod√®le Constituant
fr;confinamiento.py;0247;Pr√©cision (%)
fr;confinamiento.py;0248;Comparaison des Pr√©cisions
fr;confinamiento.py;0253;{prec}%
fr;confinamiento.py;0259;Einstein-VED
fr;confinamiento.py;0265;Constante de Structure Fine
fr;confinamiento.py;0270;{value:.3f}
fr;confinamiento.py;0275;EXPLICATION DIPOLAIRE DES JETS AU LHC:\n\n
fr;confinamiento.py;0276;‚Ä¢ Quarks = Dip√¥les g√©om√©triques ancr√©s aux dimensions\n
fr;confinamiento.py;0277;‚Ä¢ En appliquant l'√©nergie: rupture dipolaire\n
fr;confinamiento.py;0278;‚Ä¢ Cr√©ation de nouvelles paires quark-antiquark\n
fr;confinamiento.py;0279;‚Ä¢ Formation de jets hadroniques en directions oppos√©es\n
fr;confinamiento.py;0280;‚Ä¢ Pas de 'force de confinement' infinie\n
fr;confinamiento.py;0280;force de confinement
fr;confinamiento.py;0281;‚Ä¢ Seulement reconfiguration g√©om√©trique naturelle
fr;confinamiento.py;0290;Figure 3: Solution aux paradoxes quantiques
fr;confinamiento.py;0310;Solution √† la double fente
fr;confinamiento.py;0328;Direction de propagation
fr;confinamiento.py;0329;Position
fr;confinamiento.py;0330;SOLUTION DOUBLE FENTE:\nSurface compl√®te interagit
fr;confinamiento.py;0333;particule par deux chemins
fr;confinamiento.py;0333;Pas "particule par deux chemins"\nC'est SURFACE par les deux
fr;confinamiento.py;0337;Solution g√©om√©trique √† l'intrication
fr;confinamiento.py;0349;Particule A
fr;confinamiento.py;0350;Particule B
fr;confinamiento.py;0351;G√âOM√âTRIE PARTAG√âE
fr;confinamiento.py;0357;INTRICATION:\nG√©om√©trie commune, pas d'action √† distance
fr;confinamiento.py;0362;Solution √† l'effondrement de la fonction d'onde
fr;confinamiento.py;0368;G√©om√©trie r√©elle (toujours d√©finie)
fr;confinamiento.py;0369;Probabilit√© avant mesure
fr;confinamiento.py;0369;MC: "Probabilit√© avant mesure"
fr;confinamiento.py;0375;Position
fr;confinamiento.py;0377;FIN DE "L'EFFONDREMENT":\nG√©om√©trie d√©finie, non probabiliste
fr;confinamiento.py;0383;Solution √† la statistique quantique
fr;confinamiento.py;0387;STATISTIQUE QUANTIQUE √âMERGENTE\n\n
fr;confinamiento.py;0388;Fermi-Dirac (Exclusion):\n
fr;confinamiento.py;0389;‚Ä¢ Confinement 2D (√©lectron)\n
fr;confinamiento.py;0390;‚Ä¢ Restriction topologique naturelle\n
fr;confinamiento.py;0391;‚Ä¢ Seulement 1 particule par √©tat\n\n
fr;confinamiento.py;0392;Bose-Einstein (Condensation):\n
fr;confinamiento.py;0393;‚Ä¢ Confinement 3D (proton)\n
fr;confinamiento.py;0394;‚Ä¢ G√©om√©trie sph√©rique compl√®te\n
fr;confinamiento.py;0395;‚Ä¢ Multiples particules m√™me √©tat\n\n
fr;confinamiento.py;0396;Ce ne sont PAS des propri√©t√©s fondamentales\n
fr;confinamiento.py;0397;Ce SONT des cons√©quences g√©om√©triques
fr;confinamiento.py;0405;Sauvegarder toutes les figures
fr;confinamiento.py;0408;G√©n√©ration des visualisations Einstein-VED...
fr;confinamiento.py;0411;G√©n√©ration Figure 1: G√©om√©tries de confinement...
fr;confinamiento.py;0418;‚úì G√©om√©tries de confinement sauvegard√©es
fr;confinamiento.py;0420;G√©n√©ration Figure 2: Validation exp√©rimentale...
fr;confinamiento.py;0427;‚úì Validation exp√©rimentale sauvegard√©e
fr;confinamiento.py;0429;G√©n√©ration Figure 3: Solution paradoxes quantiques...
fr;confinamiento.py;0435;‚úì Solution paradoxes quantiques sauvegard√©e
fr;confinamiento.py;0437;\n‚úÖ Toutes les figures sauvegard√©es en format {format} (DPI: {dpi})
fr;confinamiento.py;0440;‚ùå Erreur pendant la g√©n√©ration: {e}
fr;confinamiento.py;0448;D√©but de la g√©n√©ration des visualisations Einstein-VED...
fr;confinamiento.py;0453;\nüé® Visualisations termin√©es!
fr;confinamiento.py;0454;Fichiers g√©n√©r√©s:
fr;confinamiento_geometrico.py;0023;Onde œà(x)
fr;confinamiento_geometrico.py;0026;Position x
fr;confinamiento_geometrico.py;0027;Amplitude œà(x)
fr;confinamiento_geometrico.py;0028;CONFINEMENT EINSTEIN-VED: Onde ‚Üí Particule
fr;confinamiento_geometrico.py;0043;Position x
fr;confinamiento_geometrico.py;0044;Amplitude œà(x)
fr;confinamiento_geometrico.py;0045;1. Onde Sinuso√Ødale sur Surface Plane
fr;confinamiento_geometrico.py;0064;2. Transition: Enroulement ({progress*100:.0f}%)
fr;confinamiento_geometrico.py;0065;Coordonn√©e X
fr;confinamiento_geometrico.py;0066;Coordonn√©e Y
fr;confinamiento_geometrico.py;0076;Confin√©e (n={n_cycles})
fr;confinamiento_geometrico.py;0077;CONDITION EINSTEIN-VED: L = {n_cycles}Œª
fr;confinamiento_geometrico.py;0080;3. Onde Auto-Confin√©e - Particule Stable
fr;confinamiento_geometrico.py;0081;Coordonn√©e X
fr;confinamiento_geometrico.py;0082;Coordonn√©e Y
fr;confinamiento_geometrico.py;0118;a) Onde Plane Libre
fr;confinamiento_geometrico.py;0119;Position x
fr;confinamiento_geometrico.py;0120;Amplitude œà(x)
fr;confinamiento_geometrico.py;0137;b) Transition
fr;confinamiento_geometrico.py;0138;Coordonn√©e X
fr;confinamiento_geometrico.py;0139;Coordonn√©e Y
fr;confinamiento_geometrico.py;0155;c) Confin√© n=3\nL = 3Œª
fr;confinamiento_geometrico.py;0156;Coordonn√©e X
fr;confinamiento_geometrico.py;0157;Coordonn√©e Y
fr;confinamiento_geometrico.py;0159;CONDITION: L = nŒª
fr;confinamiento_geometrico_tiempo.py;0011;n=1: Tube espace-temps lisse + onde circulaire fondamentale
fr;confinamiento_geometrico_tiempo.py;0044;√âTAT FONDAMENTAL n=1\nEspace-Temps + Onde Circulaire
fr;confinamiento_geometrico_tiempo.py;0056;n=3: Vari√©t√© espace-temps + onde avec 3 n≈ìuds
fr;confinamiento_geometrico_tiempo.py;0093;√âTAT EXCIT√â n=3\nVari√©t√© Espace-Temps + 3 N≈ìuds
fr;confinamiento_geometrico_tiempo.py;0105;Comparaison c√¥te √† c√¥te n=1 vs n=3
fr;confinamiento_geometrico_tiempo.py;0132;n=1: √âtat Fondamental
fr;confinamiento_geometrico_tiempo.py;0153;n=3: √âtat Excit√©
fr;confinamiento_geometrico_tiempo.py;0164;Montre comment les courbes dt g√©n√®rent la surface n=1
fr;confinamiento_geometrico_tiempo.py;0202;G√âN√âRATION n=1: dt ‚Üí Surface\nCourbes Circulaires G√©n√®rent Cylindre
fr;confinamiento_geometrico_tiempo.py;0214;Montre comment les courbes dt g√©n√®rent la surface n=3
fr;confinamiento_geometrico_tiempo.py;0257;G√âN√âRATION n=3: dt ‚Üí Vari√©t√©\nCourbes avec N≈ìuds G√©n√®rent G√©om√©trie
fr;confinamiento_geometrico_tiempo.py;0269;√âvolution compl√®te dt √† travers Œ¥t
fr;confinamiento_geometrico_tiempo.py;0302;Œ¥t={t}
fr;confinamiento_geometrico_tiempo.py;0309;√âvolution\ntemporelle
fr;confinamiento_geometrico_tiempo.py;0313;√âVOLUTION COMPL√àTE: dt ‚Üí Œ¥t ‚Üí √âtats n\nConfinement Quantique Einstein-VED
fr;confinamiento_geometrico_tiempo.py;0325;üé® G√âN√âRATION DES 6 GRAPHIQUES COMPL√àTES EINSTEIN-VED...
fr;confinamiento_geometrico_tiempo.py;0337;\n‚úÖ LES 6 GRAPHIQUES COMPL√àTES:
fr;Constante_G.py;0042;Rayon du proton (ligne m√©diane)
fr;Constante_G.py;0046;Figure 1: Onde confin√©e VED du proton, n=2
fr;Constante_G.py;0059;Trou noir
fr;Constante_G.py;0061;Surface 2D
fr;Constante_G.py;0066;Figure 2: Trou noir et surface holographique 2D
fr;Constante_G.py;0078;G exp√©rimental
fr;Constante_G.py;0083;n={n}
fr;Constante_G.py;0088;G calcul√© [m^3/kg/s^2]
fr;Constante_G.py;0089;Figure 3: Cible G ¬±3œÉ
fr;Constante_G.py;0116;G calcul√© [m^3/kg/s^2]
fr;Constante_G.py;0117;Figure 4: Cible G ¬±4œÉ (fl√®ches)
fr;Constante_G.py;0130;G(n) asymptotique (continu)
fr;Constante_G.py;0133;G exp√©rimental
fr;Constante_G.py;0140;round,pad=0.5
fr;Constante_G.py;0143;Figure 5: Comportement asymptotique de G(n) n‚Üí‚àû (log-log)
fr;Constante_G.py;0164;Valeur [m¬≥/kg¬∑s¬≤]
fr;Constante_G.py;0165;{G_max:.8e}
fr;Constante_G.py;0165;Limite sup√©rieure
fr;Constante_G.py;0166;$G_2^{EXP}$ Exp√©rimental
fr;Constante_G.py;0166;{G_exp:.8e}
fr;Constante_G.py;0166;Valeur moyenne
fr;Constante_G.py;0167;{G_min:.8e}
fr;Constante_G.py;0167;Limite inf√©rieure
fr;Constante_G.py;0168;$G_1^{VED}$ (n=2) EXACT
fr;Constante_G.py;0168;Obtenu empiriquement
fr;Constante_G.py;0169;Diff√©rence absolue
fr;Constante_G.py;0169;{error_abs:.8e}
fr;Constante_G.py;0170;Erreur relative
fr;Constante_G.py;0170;{error_rel:.6f} %
fr;Constante_G.py;0170;Pr√©cision VED
fr;Constante_G.py;0248;CONSTANTE GRAVITATIONNELLE G
fr;Constante_G.py;0267;Onde de mati√®re confin√©e
fr;Constante_G.py;0277;Hologramme 2D
fr;Constante_G.py;0286;√âmergence de G
fr;Constante_G.py;0288;Figure 8: Mati√®re comme onde confin√©e sur hologramme 2D
fr;Constante_G.py;0317;Rayon du proton
fr;Constante_G.py;0318;Ondes radiales proton
fr;Constante_G.py;0319;Ondulation 2D proton (n=4)
fr;Constante_G.py;0322;Rayon du proton
fr;Constante_G.py;0323;Ondes du proton
fr;Constante_G.py;0324;Ondulation 2D
fr;Constante_G.py;0326;Proton - √âchelle femtom√©trique (10‚Åª¬π‚Åµ m)
fr;Constante_G.py;0342;Rayon orbital √©lectron
fr;Constante_G.py;0343;Ondes radiales √©lectron
fr;Constante_G.py;0344;Ondulation 2D √©lectron (n=137)
fr;Constante_G.py;0347;Rayon orbital √©lectron
fr;Constante_G.py;0348;Ondes de l'√©lectron
fr;Constante_G.py;0349;Ondulation 2D
fr;Constante_G.py;0351;√âlectron - √âchelle atomique (10‚Åª¬π¬π m)
fr;Constante_G.py;0358;Figure 9. Ondes 2D et radiales du proton et de l'√©lectron\n(holographie ‚Üí particules)
fr;Constante_G.py;0378;$M_\mathrm{VED} = n h /$
fr;Constante_G.py;0378;$(L_\mathrm{geom} c)$
fr;Constante_G.py;0379;$M_\mathrm{Sch} = c^2 R_s /$
fr;Constante_G.py;0379;√âgalisant masses,\nM dispara√Æt
fr;Constante_G.py;0380;$L_\mathrm{geom}$ d√©finie
fr;Constante_G.py;0380;par VED
fr;Constante_G.py;0381;$R_s$ d√©finie par
fr;Constante_G.py;0381;Chaque c√¥t√© d√©finit\nsa propre √©chelle
fr;Constante_G.py;0382;Quantification
fr;Constante_G.py;0382;n entier ‚Üí valeurs
fr;Constante_G.py;0382;discr√®tes de M et G
fr;Constante_G.py;0383;n n'appara√Æt pas,\nG est d√©termin√©
fr;Constante_G.py;0383;n=2 co√Øncide avec\nvaleur exp√©rimentale de G
fr;Constante_G.py;0384;Confinement 2D
fr;Constante_G.py;0384;(surface)
fr;Constante_G.py;0385;3D ‚Üí holographie
fr;Constante_G.py;0385;implicite
fr;Constante_G.py;0385;Origine √©mergente\nde gravit√©
fr;Constante_G.py;0409;Figure 10: Comparaison conceptuelle VED vs Schwarzschild
fr;entrelazamiento_geometrico.py;0009;Fondation Einstein
fr;entrelazamiento_geometrico.py;0009;√âquations Fondamentales
fr;entrelazamiento_geometrico.py;0032;INTRICATION QUANTIQUE: Explication G√©om√©trique Einstein-VED
fr;entrelazamiento_geometrico.py;0049;Cadre Interne: Temps Propre Partag√©
fr;entrelazamiento_geometrico.py;0068;Cadre Externe: Perspective Conventionnelle
fr;entrelazamiento_geometrico.py;0073;SYMBOLOGIE:\n\n
fr;entrelazamiento_geometrico.py;0074;üî¥ Particule A (45¬∞)\n
fr;entrelazamiento_geometrico.py;0075;üü¢ Particule B (225¬∞)\n
fr;entrelazamiento_geometrico.py;0076;‚ö´ Observateur\n
fr;entrelazamiento_geometrico.py;0077;‚ñ¨‚ñ¨ Connexion g√©om√©trique\n
fr;entrelazamiento_geometrico.py;0078;‚ñ¨‚ñ¨ Lignes de vision
fr;entrelazamiento_geometrico.py;0084;round,pad=0.6
fr;entrelazamiento_geometrico.py;0088;FRONT D'ONDE
fr;entrelazamiento_geometrico.py;0090;CL√â EINSTEIN-VED:\n\n
fr;entrelazamiento_geometrico.py;0091;Les deux particules (incluant antipodales)\npartagent le m√™me espace-temps propre t‚ÇÄ, s‚ÇÄ\n\n
fr;entrelazamiento_geometrico.py;0092;Car: dt' ‚Üí 0 et ds' ‚Üí 0 √† vitesse c\n\n
fr;entrelazamiento_geometrico.py;0095;Pas d'action √† distance
fr;entrelazamiento_geometrico.py;0101;round,pad=0.8
fr;entrelazamiento_geometrico.py;0109;FONDATION EINSTEIN-VED:\n\n
fr;entrelazamiento_geometrico.py;0110;Les particules intriqu√©es partagent un espace-temps propre commun depuis leur origine.
fr;entrelazamiento_geometrico.py;0111;Quand elles voyagent √† vitesse c, leurs diff√©rentiels de temps et espace propres tendent vers z√©ro
fr;entrelazamiento_geometrico.py;0112;(dt' ‚Üí 0, ds' ‚Üí 0), les maintenant connect√©es au m√™me instant t‚ÇÄ et position s‚ÇÄ.
fr;entrelazamiento_geometrico.py;0113;Cette simultan√©it√© g√©om√©trique explique les corr√©lations quantiques sans violer la relativit√©.
fr;entrelazamiento_geometrico.py;0119;round,pad=0.8
fr;entrelazamiento_geometrico.py;0125;√âQUATIONS FONDAMENTALES:\n\n
fr;entrelazamiento_geometrico.py;0126;Pour particules √† vitesse c:\n
fr;entrelazamiento_geometrico.py;0130;√âquation de champ:\n
fr;entrelazamiento_geometrico.py;0131;G‚Çò‚Çô + Œõg‚Çò‚Çô = (8œÄG/c‚Å¥)T‚Çò‚Çô\n\n
fr;entrelazamiento_geometrico.py;0132;Simultan√©it√© absolue en cadre propre
fr;entrelazamiento_geometrico.py;0138;round,pad=0.8
fr;entrelazamiento_geometrico.py;0144;INTERPR√âTATION EINSTEIN-VED: L'intrication quantique cesse d'√™tre paradoxale quand comprise
fr;entrelazamiento_geometrico.py;0145;depuis la g√©om√©trie de l'espace-temps. Particules g√©n√©r√©es dans m√™me √©v√©nement partagent un front
fr;entrelazamiento_geometrico.py;0146;d'onde o√π leur temps propre reste gel√© √† t‚ÇÄ. Cette simultan√©it√© intrins√®que explique
fr;entrelazamiento_geometrico.py;0147;corr√©lations parfaites sans 'action fant√¥me'. La probabilit√© quantique refl√®te perspective
fr;entrelazamiento_geometrico.py;0147;action fant√¥me
fr;entrelazamiento_geometrico.py;0148;limit√©e de l'observateur, pas propri√©t√© fondamentale.
fr;entrelazamiento_geometrico.py;0154;round,pad=0.8
fr;entrelazamiento_geometrico.py;0167;üéØ CR√âATION VERSION FINALE AVEC CADRES AU M√äME NIVEAU...
fr;entrelazamiento_geometrico.py;0170;\n‚ú® CORRECTIONS APPLIQU√âES:
fr;entrelazamiento_geometrico.py;0171;‚Ä¢ Cadres 'Fondation Einstein' et '√âquations' au M√äME NIVEAU
fr;entrelazamiento_geometrico.py;0171;Fondation Einstein
fr;entrelazamiento_geometrico.py;0172;‚Ä¢ Figure plus LARGE (16x10) pour accommoder les deux
fr;entrelazamiento_geometrico.py;0173;‚Ä¢ Design √©quilibr√© et sym√©trique
fr;entrelazamiento_geometrico.py;0174;‚Ä¢ D√©coration et couleurs RESPECT√âES
fr;entrelazamiento_geometrico.py;0175;‚Ä¢ Z√âRO chevauchements
fr;generador_svg.py;0019;Fonction radiale √©tat 1s: R‚ÇÅ‚ÇÄ(r) = 2/a‚ÇÄ^(3/2) exp(-r/a‚ÇÄ)
fr;generador_svg.py;0023;Fonction radiale √©tat 2p: R‚ÇÇ‚ÇÅ(r) = (1/2‚àö6)(r/a‚ÇÄ¬≤) exp(-r/2a‚ÇÄ)
fr;generador_svg.py;0027;Fonction radiale √©tat 3d: R‚ÇÉ‚ÇÇ(r) = (4/81‚àö30)(r¬≤/a‚ÇÄ^(7/2)) exp(-r/3a‚ÇÄ)
fr;generador_svg.py;0032;Fonction d'onde compl√®te œà‚Çô‚Ñì‚Çò(r,Œ∏,œÜ) = R‚Çô‚Ñì(r)Y‚Ñì‚Çò(Œ∏,œÜ)
fr;generador_svg.py;0040;√âtat n={n}, ‚Ñì={ell} non impl√©ment√©
fr;generador_svg.py;0046;Calcule surface VED: r(Œ∏,œÜ) = n¬≤a‚ÇÄ(1 + Œ±|Y‚Ñì‚Çò|)
fr;generador_svg.py;0063;V√©rifie co√Øncidence entre maximum P(r) et rayon VED
fr;generador_svg.py;0085;G√©n√®re comparaison compl√®te Einstein-VED vs M√©canique Quantique
fr;generador_svg.py;0090;üî¨ CALCUL COMPARAISON EINSTEIN-VED vs MQ...
fr;generador_svg.py;0119;Densit√© |œà|¬≤ - {estado["label"]}\n(plan Z=0.5Y)
fr;generador_svg.py;0120;x (m)
fr;generador_svg.py;0121;y (m)
fr;generador_svg.py;0129;VED: {r_ved:.2e}m
fr;generador_svg.py;0147;P(r) MQ
fr;generador_svg.py;0149;VED: {r_ved:.2e} m
fr;generador_svg.py;0155;Pr√©cision: {precision:.2f}%
fr;generador_svg.py;0159;Probabilit√© Radiale - {estado["label"]}
fr;generador_svg.py;0160;r (m)
fr;generador_svg.py;0161;P(r) normalis√©e
fr;generador_svg.py;0172;COMPARAISON EINSTEIN-VED vs M√âCANIQUE QUANTIQUE - CALCULS EXACTS\n
fr;generador_svg.py;0173;Rayons d√©terministes vs distributions probabilistiques
fr;generador_svg.py;0189;R√âSULTATS EXACTS EINSTEIN-VED
fr;generador_svg.py;0192;{res['estado']}: r_VED = {res['r_ved']:.3e} m,
fr;generador_svg.py;0193;r_MQ = {res['r_max_mc']:.3e} m,
fr;generador_svg.py;0194;Pr√©cision = {res['precision']:.2f}%
fr;generador_svg.py;0196;‚úÖ COMPARAISON G√âN√âR√âE - CO√èNCIDENCE >99% CONFIRM√âE
fr;graficas_einstein_ved_n4.py;0012;font.size
fr;graficas_einstein_ved_n4.py;0013;axes.titlesize
fr;graficas_einstein_ved_n4.py;0014;axes.labelsize
fr;graficas_einstein_ved_n4.py;0015;xtick.labelsize
fr;graficas_einstein_ved_n4.py;0016;ytick.labelsize
fr;graficas_einstein_ved_n4.py;0017;legend.fontsize
fr;graficas_einstein_ved_n4.py;0018;figure.titlesize
fr;graficas_einstein_ved_n4.py;0051;Mod√®le Conventionnel ¬±3œÉ
fr;graficas_einstein_ved_n4.py;0055;LHC Exp√©rimental ¬±3œÉ
fr;graficas_einstein_ved_n4.py;0059;Einstein-VED D√©terministe
fr;graficas_einstein_ved_n4.py;0069;Mod√®le Conventionnel
fr;graficas_einstein_ved_n4.py;0069;LHC Exp√©rimental
fr;graficas_einstein_ved_n4.py;0069;Einstein-VED (n=4)
fr;graficas_einstein_ved_n4.py;0070;Rayon du Proton (fm)
fr;graficas_einstein_ved_n4.py;0078;‚úÖ Sauvegard√©: {filename}
fr;graficas_einstein_ved_n4.py;0082;MQ Probabiliste\n(1920s-)
fr;graficas_einstein_ved_n4.py;0082;Donn√©es LHC\n(2010s-)
fr;graficas_einstein_ved_n4.py;0082;Einstein-VED\n(2024-)
fr;graficas_einstein_ved_n4.py;0094;Rayon du Proton (fm)
fr;graficas_einstein_ved_n4.py;0095;√âvolution Th√©orique: De Probabilit√© √† G√©om√©trie D√©terministe
fr;graficas_einstein_ved_n4.py;0098;Einstein-VED:\nG√©om√©trie exacte\nsans probabilit√©
fr;graficas_einstein_ved_n4.py;0101;round,pad=0.3
fr;graficas_einstein_ved_n4.py;0116;Th√©orie
fr;graficas_einstein_ved_n4.py;0116;Rayon (fm)
fr;graficas_einstein_ved_n4.py;0116;Pr√©cision
fr;graficas_einstein_ved_n4.py;0118;Einstein-VED (n=4)
fr;graficas_einstein_ved_n4.py;0118;{VED_mean:.5f}
fr;graficas_einstein_ved_n4.py;0119;LHC Exp√©rimental
fr;graficas_einstein_ved_n4.py;0119;{LHC_mean:.5f}
fr;graficas_einstein_ved_n4.py;0120;Mod√®le Conventionnel
fr;graficas_einstein_ved_n4.py;0120;{MC_mean:.2f}
fr;graficas_einstein_ved_n4.py;0120;Faible pr√©cision
fr;graficas_einstein_ved_n4.py;0138;Comparaison des Rayons Protoniques - Donn√©es VED Exactes (n=4)
fr;graficas_einstein_ved_n4.py;0156;Einstein-VED
fr;graficas_einstein_ved_n4.py;0157;MQ (max. prob.)
fr;graficas_einstein_ved_n4.py;0158;√âtat Quantique
fr;graficas_einstein_ved_n4.py;0159;Rayon (unit√©s de a‚ÇÄ)
fr;graficas_einstein_ved_n4.py;0160;Rayons Atomiques: Valeurs Exactes vs Probabilistiques
fr;graficas_einstein_ved_n4.py;0168;{height:.0f}
fr;graficas_einstein_ved_n4.py;0177;1s (MQ)
fr;graficas_einstein_ved_n4.py;0178;2p (MQ)
fr;graficas_einstein_ved_n4.py;0179;3d (MQ)
fr;graficas_einstein_ved_n4.py;0180;Rayon VED 1s
fr;graficas_einstein_ved_n4.py;0181;Rayon VED 2p
fr;graficas_einstein_ved_n4.py;0182;Rayon VED 3d
fr;graficas_einstein_ved_n4.py;0183;Distance radiale (unit√©s de a‚ÇÄ)
fr;graficas_einstein_ved_n4.py;0184;Densit√© (normalis√©e)
fr;graficas_einstein_ved_n4.py;0185;Interpr√©tation: Probabilit√© MQ vs G√©om√©trie VED
fr;graficas_einstein_ved_n4.py;0200;üöÄ G√âN√âRATION TOUTES LES GRAPHIQUES EINSTEIN-VED (n=4)...
fr;graficas_einstein_ved_n4.py;0202;Rayon du Proton: Comparaison Exacte Einstein-VED
fr;graficas_einstein_ved_n4.py;0207;üéØ TOUTES LES GRAPHIQUES G√âN√âR√âES ‚úÖ
fr;orbitales.py;0034;Orbitales d'Hydrog√®ne avec onde confin√©e (Einstein-VED)
fr;orbitales.py;0040;n={n}, {n_cycles} Œª
fr;orbitales.py;0042;X [m]
fr;orbitales.py;0043;Y [m]
fr;orbitales.py;0044;Z [m]
fr;proton_comparativa_destacado.py;0021;Calcule plage ¬±3œÉ pour visualisation
fr;proton_comparativa_destacado.py;0045;MC: Probabiliste
fr;proton_comparativa_destacado.py;0047;LHC: Exp√©rimental
fr;proton_comparativa_destacado.py;0049;Einstein-VED: D√©terministe
fr;proton_comparativa_destacado.py;0062;M√©canique Quantique
fr;proton_comparativa_destacado.py;0062;LHC Exp√©rimental
fr;proton_comparativa_destacado.py;0062;Einstein-VED
fr;proton_comparativa_destacado.py;0063;Rayon du Proton (fm)
fr;proton_comparativa_destacado.py;0064;Estimations Rayon Proton\navec Plages ¬±3œÉ
fr;proton_comparativa_destacado.py;0080;round,pad=0.3
fr;validacion_experimental.py;0020;G√©n√®re comparaison avec PR√âDICTIONS EXACTES Einstein-VED
fr;validacion_experimental.py;0027;Proton
fr;validacion_experimental.py;0027;Neutron
fr;validacion_experimental.py;0036;Einstein-VED
fr;validacion_experimental.py;0038;LHC (Exp√©rimental)
fr;validacion_experimental.py;0040;Nucl√©on
fr;validacion_experimental.py;0041;Rayon de Charge (fm)
fr;validacion_experimental.py;0042;a) Rayons Nucl√©aires: VED vs Exp√©rimental\n(Pr√©cision >99%)
fr;validacion_experimental.py;0053;{precision:.1f}%
fr;validacion_experimental.py;0060;Proton (LHC)
fr;validacion_experimental.py;0060;Quark (VED)
fr;validacion_experimental.py;0060;Limite "ponctuelle"
fr;validacion_experimental.py;0073;Taille (fm)
fr;validacion_experimental.py;0074;b) Pr√©diction VED: Quarks NON Ponctuels
fr;validacion_experimental.py;0079;{long*1e15:.3f} fm
fr;validacion_experimental.py;0089;ro-
fr;validacion_experimental.py;0090;Masse (eV/c¬≤) - √âchelle log
fr;validacion_experimental.py;0091;Longueur Compton (m) - √âchelle log
fr;validacion_experimental.py;0092;c) Relation Masse-Taille Einstein-VED\nŒª = h/mc
fr;validacion_experimental.py;0096;√©lectron
fr;validacion_experimental.py;0096;quark up
fr;validacion_experimental.py;0096;quark down
fr;validacion_experimental.py;0096;muon
fr;validacion_experimental.py;0098;offset points
fr;validacion_experimental.py;0103;PR√âDICTIONS EINSTEIN-VED:
fr;validacion_experimental.py;0104;‚Ä¢ Rayons EXACTS depuis premiers principes
fr;validacion_experimental.py;0105;‚Ä¢ Quarks: ~0.05 fm (NON ponctuels)
fr;validacion_experimental.py;0106;‚Ä¢ Sans probabilit√©s - Valeurs d√©terministes
fr;validacion_experimental.py;0108;FONDEMENT:
fr;validacion_experimental.py;0109;‚Ä¢ Masse connue ‚Üí Longueur Compton exacte
fr;validacion_experimental.py;0110;‚Ä¢ Confinement: L = nŒª (n entier)
fr;validacion_experimental.py;0111;‚Ä¢ G√©om√©trie ‚Üí Structure exacte
fr;validacion_experimental.py;0113;V√âRIFICATION FUTURE:\nLHC am√©lior√© confirmera\nstructure quark pr√©dite
fr;validacion_experimental.py;0121;PR√âDICTIONS EINSTEIN-VED: G√©om√©trie Exacte vs Donn√©es Exp√©rimentales\n
fr;validacion_experimental.py;0122;D'atomes √† quarks - Toutes tailles calculables exactement
fr;validacion_experimental.py;0130;PR√âDICTIONS EXACTES EINSTEIN-VED
fr;validacion_experimental.py;0133;\nPR√âCISION vs EXP√âRIMENTAL:
fr;validacion_experimental.py;0134;Proton:  {precisiones_ved[0]:.2f}%
fr;validacion_experimental.py;0135;Neutron: {precisiones_ved[1]:.2f}%
fr;validacion_experimental.py;0137;\nPR√âDICTION SUR QUARKS:
fr;validacion_experimental.py;0138;Taille minimale quark (VED): {datos_experimentales['prediccion_quark_ved']*1e15:.3f} fm
fr;validacion_experimental.py;0139;Limite exp√©rimentale actuelle: < 0.001 fm
fr;validacion_experimental.py;0140;Conclusion: Les quarks NE peuvent PAS √™tre ponctuels
fr;validacion_experimental.py;0142;\nRELATION MASSE-TAILLE:
fr;validacion_experimental.py;0145;Quark down (4.8 MeV): {4.1e-16:.2e} m
fr;validacion_experimental.py;0148;üî¨ G√âN√âRATION PR√âDICTIONS EINSTEIN-VED...
fr;validacion_experimental.py;0150;‚úÖ GRAPHIQUE DE PR√âDICTIONS G√âN√âR√â