sk;confinamiento.py;0020;Vypoƒç√≠ta rozsah ¬±3œÉ pre vizualiz√°ciu
sk;confinamiento.py;0037;Priemern√Ω polomer (fm)
sk;confinamiento.py;0037;Min (fm)
sk;confinamiento.py;0037;Max (fm)
sk;confinamiento.py;0038;{mc_mean:.3f}
sk;confinamiento.py;0038;{mc_min:.3f}
sk;confinamiento.py;0038;{mc_max:.3f}
sk;confinamiento.py;0038;¬±{MC_sigma:.3f}
sk;confinamiento.py;0038;Kvantov√° mechanika (MC)
sk;confinamiento.py;0039;{lhc_mean:.5f}
sk;confinamiento.py;0039;{lhc_min:.5f}
sk;confinamiento.py;0039;{lhc_max:.5f}
sk;confinamiento.py;0039;¬±{LHC_sigma:.3f}
sk;confinamiento.py;0039;Experiment√°lny LHC
sk;confinamiento.py;0040;{ved_mean:.5f}
sk;confinamiento.py;0040;{ved_min:.5f}
sk;confinamiento.py;0040;{ved_max:.5f}
sk;confinamiento.py;0040;¬±{VED_sigma:.5f}
sk;confinamiento.py;0040;Einstein-VED
sk;confinamiento.py;0072;Obr√°zok 1: 2D vs 3D geometrie uv√§znenia
sk;confinamiento.py;0079;Elektr√≥n: 2D uv√§znenie\nn = 137 (Povrch)
sk;confinamiento.py;0084;Prot√≥n: 3D uv√§znenie\nn = 4 (Objem)
sk;confinamiento.py;0089;Kvarky: Geometrick√© dip√≥ly\n3D ukotvenie
sk;confinamiento.py;0094;Emergentn√° kvantov√° ≈°tatistika: 2D vs 3D
sk;confinamiento.py;0100;Elektr√≥n 2D povrch - ƒåIST√â Mƒö≈ò√çTKA
sk;confinamiento.py;0132;Prot√≥n 3D objem - ƒåIST√â Mƒö≈ò√çTKA
sk;confinamiento.py;0171;Kvarkov√© dip√≥ly ukotven√© k dimenzi√°m
sk;confinamiento.py;0187;Kvark {dim}
sk;confinamiento.py;0192;Hadr√≥nov√© uv√§znenie
sk;confinamiento.py;0200;≈†tatistick√© porovnanie Fermi vs Bose
sk;confinamiento.py;0201;2D uv√§znenie\n(Elektr√≥n)
sk;confinamiento.py;0201;3D uv√§znenie\n(Prot√≥n)
sk;confinamiento.py;0208;Fermi-Dirac (Vyl√∫ƒçenie)
sk;confinamiento.py;0210;Bose-Einstein (Kondenz√°cia)
sk;confinamiento.py;0213;≈†tatistick√© spr√°vanie
sk;confinamiento.py;0218;Maximum 1 ƒçastica\nna stav
sk;confinamiento.py;0219;Viacer√© ƒçastice\nr√≥vny stav
sk;confinamiento.py;0224;Obr√°zok 2: Experiment√°lna valid√°cia
sk;confinamiento.py;0228;Prot√≥n VED
sk;confinamiento.py;0228;Prot√≥n LHC
sk;confinamiento.py;0228;Neutr√≥n VED
sk;confinamiento.py;0228;Neutr√≥n Exp
sk;confinamiento.py;0234;Polomer (fm)
sk;confinamiento.py;0235;Predpoveƒè hadr√≥nov√Ωch polomerov
sk;confinamiento.py;0240;{radius:.5f}
sk;confinamiento.py;0243;Einstein-VED
sk;confinamiento.py;0243;Mrie≈ækov√° QCD
sk;confinamiento.py;0243;Kon≈°tituentn√Ω model
sk;confinamiento.py;0247;Presnos≈• (%)
sk;confinamiento.py;0248;Porovnanie presnost√≠
sk;confinamiento.py;0253;{prec}%
sk;confinamiento.py;0259;Einstein-VED
sk;confinamiento.py;0265;Kon≈°tanta jemnej ≈°trukt√∫ry
sk;confinamiento.py;0270;{value:.3f}
sk;confinamiento.py;0275;DIPOL√ÅRNE VYSVETLENIE LHC JETOV:\n\n
sk;confinamiento.py;0276;‚Ä¢ Kvarky = Geometrick√© dip√≥ly ukotven√© k dimenzi√°m\n
sk;confinamiento.py;0277;‚Ä¢ Pri aplik√°cii energie: dip√≥lov√© preru≈°enie\n
sk;confinamiento.py;0278;‚Ä¢ Tvorba nov√Ωch p√°rov kvark-antikvark\n
sk;confinamiento.py;0279;‚Ä¢ Form√°cia hadr√≥nov√Ωch jetov v opaƒçn√Ωch smeroch\n
sk;confinamiento.py;0280;‚Ä¢ ≈Ωiadna nekoneƒçn√° 'sila uv√§znenia'\n
sk;confinamiento.py;0280;sila uv√§znenia
sk;confinamiento.py;0281;‚Ä¢ Iba prirodzen√° geometrick√° rekonfigur√°cia
sk;confinamiento.py;0290;Obr√°zok 3: Rie≈°enie kvantov√Ωch paradoxov
sk;confinamiento.py;0310;Rie≈°enie dvoj≈°trbiny
sk;confinamiento.py;0328;Smer ≈°√≠renia
sk;confinamiento.py;0329;Poz√≠cia
sk;confinamiento.py;0330;RIE≈†ENIE DVOJ≈†TRBINY:\nCel√Ω povrch interaguje
sk;confinamiento.py;0333;ƒçastica cez dve cesty
sk;confinamiento.py;0333;Nie "ƒçastica cez dve cesty"\nJe to POVRCH cez obe
sk;confinamiento.py;0337;Geometrick√© rie≈°enie preprev√°zania
sk;confinamiento.py;0349;ƒåastica A
sk;confinamiento.py;0350;ƒåastica B
sk;confinamiento.py;0351;ZDELEN√Å GEOMETRIA
sk;confinamiento.py;0357;PREV√ÅZANIE:\nSpoloƒçn√° geometria, ≈æiadna akcia na diaƒæku
sk;confinamiento.py;0362;Rie≈°enie kolapsu vlnovej funkcie
sk;confinamiento.py;0368;Re√°lna geometria (v≈ædy definovan√°)
sk;confinamiento.py;0369;Pravdepodobnos≈• pred meran√≠m
sk;confinamiento.py;0369;MC: "Pravdepodobnos≈• pred meran√≠m"
sk;confinamiento.py;0375;Poz√≠cia
sk;confinamiento.py;0377;KONIEC "KOLAPSU":\nDefinovan√° geometria, nie pravdepodobnostn√°
sk;confinamiento.py;0383;Rie≈°enie kvantovej ≈°tatistiky
sk;confinamiento.py;0387;EMERGENTN√Å KVANTOV√Å ≈†TATISTIKA\n\n
sk;confinamiento.py;0388;Fermi-Dirac (Vyl√∫ƒçenie):\n
sk;confinamiento.py;0389;‚Ä¢ 2D uv√§znenie (elektr√≥n)\n
sk;confinamiento.py;0390;‚Ä¢ Prirodzen√© topologick√© obmedzenie\n
sk;confinamiento.py;0391;‚Ä¢ Iba 1 ƒçastica na stav\n\n
sk;confinamiento.py;0392;Bose-Einstein (Kondenz√°cia):\n
sk;confinamiento.py;0393;‚Ä¢ 3D uv√§znenie (prot√≥n)\n
sk;confinamiento.py;0394;‚Ä¢ Kompletn√° sf√©rick√° geometria\n
sk;confinamiento.py;0395;‚Ä¢ Viacer√© ƒçastice rovnak√Ω stav\n\n
sk;confinamiento.py;0396;Nie s√∫ z√°kladn√© vlastnosti\n
sk;confinamiento.py;0397;S√∫ geometrick√© d√¥sledky
sk;confinamiento.py;0405;Ulo≈æi≈• v≈°etky obr√°zky
sk;confinamiento.py;0408;Generovanie Einstein-VED vizualiz√°ci√≠...
sk;confinamiento.py;0411;Generovanie Obr√°zok 1: Geometrie uv√§znenia...
sk;confinamiento.py;0418;‚úì Geometrie uv√§znenia ulo≈æen√©
sk;confinamiento.py;0420;Generovanie Obr√°zok 2: Experiment√°lna valid√°cia...
sk;confinamiento.py;0427;‚úì Experiment√°lna valid√°cia ulo≈æen√°
sk;confinamiento.py;0429;Generovanie Obr√°zok 3: Rie≈°enie kvantov√Ωch paradoxov...
sk;confinamiento.py;0435;‚úì Rie≈°enie kvantov√Ωch paradoxov ulo≈æen√©
sk;confinamiento.py;0437;\n‚úÖ V≈°etky obr√°zky ulo≈æen√© vo form√°te {format} (DPI: {dpi})
sk;confinamiento.py;0440;‚ùå Chyba poƒças generovania: {e}
sk;confinamiento.py;0448;Zaƒç√≠na generovanie Einstein-VED vizualiz√°ci√≠...
sk;confinamiento.py;0453;\nüé® Vizualiz√°cie dokonƒçen√©!
sk;confinamiento.py;0454;Vygenerovan√© s√∫bory:
sk;confinamiento_geometrico.py;0023;Vlna œà(x)
sk;confinamiento_geometrico.py;0026;Poz√≠cia x
sk;confinamiento_geometrico.py;0027;Amplit√∫da œà(x)
sk;confinamiento_geometrico.py;0028;EINSTEIN-VED UV√ÑZNENIE: Vlna ‚Üí ƒåastica
sk;confinamiento_geometrico.py;0043;Poz√≠cia x
sk;confinamiento_geometrico.py;0044;Amplit√∫da œà(x)
sk;confinamiento_geometrico.py;0045;1. S√≠nusov√° vlna na rovnom povrchu
sk;confinamiento_geometrico.py;0064;2. Prechod: Zvinovanie ({progress*100:.0f}%)
sk;confinamiento_geometrico.py;0065;X s√∫radnica
sk;confinamiento_geometrico.py;0066;Y s√∫radnica
sk;confinamiento_geometrico.py;0076;Uv√§znen√° (n={n_cycles})
sk;confinamiento_geometrico.py;0077;EINSTEIN-VED PODMIENKA: L = {n_cycles}Œª
sk;confinamiento_geometrico.py;0080;3. Samo-uv√§znen√° vlna - Stabiln√° ƒçastica
sk;confinamiento_geometrico.py;0081;X s√∫radnica
sk;confinamiento_geometrico.py;0082;Y s√∫radnica
sk;confinamiento_geometrico.py;0118;a) Voƒæn√° rovinn√° vlna
sk;confinamiento_geometrico.py;0119;Poz√≠cia x
sk;confinamiento_geometrico.py;0120;Amplit√∫da œà(x)
sk;confinamiento_geometrico.py;0137;b) Prechod
sk;confinamiento_geometrico.py;0138;X s√∫radnica
sk;confinamiento_geometrico.py;0139;Y s√∫radnica
sk;confinamiento_geometrico.py;0155;c) Uv√§znen√© n=3\nL = 3Œª
sk;confinamiento_geometrico.py;0156;X s√∫radnica
sk;confinamiento_geometrico.py;0157;Y s√∫radnica
sk;confinamiento_geometrico.py;0159;PODMIENKA: L = nŒª
sk;confinamiento_geometrico_tiempo.py;0011;n=1: Hladk√° ƒçasopriestorov√° trubica + fundament√°lna kruhov√° vlna
sk;confinamiento_geometrico_tiempo.py;0044;Z√ÅKLADN√ù STAV n=1\nƒåasopriestor + Kruhov√° vlna
sk;confinamiento_geometrico_tiempo.py;0056;n=3: ƒåasopriestorov√° varieta + vlna s 3 uzlami
sk;confinamiento_geometrico_tiempo.py;0093;EXCITOVAN√ù STAV n=3\nƒåasopriestorov√∫ varieta + 3 Uzly
sk;confinamiento_geometrico_tiempo.py;0105;Porovnanie vedƒæa seba n=1 vs n=3
sk;confinamiento_geometrico_tiempo.py;0132;n=1: Z√°kladn√Ω stav
sk;confinamiento_geometrico_tiempo.py;0153;n=3: Excitovan√Ω stav
sk;confinamiento_geometrico_tiempo.py;0164;Ukazuje ako dt krivky generuj√∫ povrch n=1
sk;confinamiento_geometrico_tiempo.py;0202;GENEROVANIE n=1: dt ‚Üí Povrch\nKruhov√© krivky generuj√∫ valec
sk;confinamiento_geometrico_tiempo.py;0214;Ukazuje ako dt krivky generuj√∫ povrch n=3
sk;confinamiento_geometrico_tiempo.py;0257;GENEROVANIE n=3: dt ‚Üí Varieta\nKrivky s uzlami generuj√∫ geometriu
sk;confinamiento_geometrico_tiempo.py;0269;Kompletn√° dt evol√∫cia cez Œ¥t
sk;confinamiento_geometrico_tiempo.py;0302;Œ¥t={t}
sk;confinamiento_geometrico_tiempo.py;0309;ƒåasov√°\nevol√∫cia
sk;confinamiento_geometrico_tiempo.py;0313;KOMPLETN√Å EVOL√öCIA: dt ‚Üí Œ¥t ‚Üí n Stavov\nEinstein-VED kvantov√© uv√§znenie
sk;confinamiento_geometrico_tiempo.py;0325;üé® GENEROVANIE 6 KOMPLETN√ùCH EINSTEIN-VED GRAFOV...
sk;confinamiento_geometrico_tiempo.py;0337;\n‚úÖ 6 KOMPLETN√ùCH GRAFOV:
sk;Constante_G.py;0042;Polomer prot√≥nu (stredn√° ƒçiara)
sk;Constante_G.py;0046;Obr√°zok 1: VED uv√§znen√° vlna prot√≥nu, n=2
sk;Constante_G.py;0059;ƒåierna diera
sk;Constante_G.py;0061;2D povrch
sk;Constante_G.py;0066;Obr√°zok 2: ƒåierna diera a holografick√Ω 2D povrch
sk;Constante_G.py;0078;Experiment√°lne G
sk;Constante_G.py;0083;n={n}
sk;Constante_G.py;0088;Vypoƒç√≠tan√© G [m^3/kg/s^2]
sk;Constante_G.py;0089;Obr√°zok 3: Cieƒæ G ¬±3œÉ
sk;Constante_G.py;0116;Vypoƒç√≠tan√© G [m^3/kg/s^2]
sk;Constante_G.py;0117;Obr√°zok 4: Cieƒæ G ¬±4œÉ (≈°√≠pky)
sk;Constante_G.py;0130;Asymptotick√© G(n) (kontinu√°lne)
sk;Constante_G.py;0133;Experiment√°lne G
sk;Constante_G.py;0140;round,pad=0.5
sk;Constante_G.py;0143;Obr√°zok 5: Asymptotick√© spr√°vanie G(n) n‚Üí‚àû (log-log)
sk;Constante_G.py;0164;Hodnota [m¬≥/kg¬∑s¬≤]
sk;Constante_G.py;0165;{G_max:.8e}
sk;Constante_G.py;0165;Horn√° hranica
sk;Constante_G.py;0166;$G_2^{EXP}$ Experiment√°lne
sk;Constante_G.py;0166;{G_exp:.8e}
sk;Constante_G.py;0166;Stredn√° hodnota
sk;Constante_G.py;0167;{G_min:.8e}
sk;Constante_G.py;0167;Doln√° hranica
sk;Constante_G.py;0168;$G_1^{VED}$ (n=2) PRESN√â
sk;Constante_G.py;0168;Empiricky z√≠skan√©
sk;Constante_G.py;0169;Absol√∫tny rozdiel
sk;Constante_G.py;0169;{error_abs:.8e}
sk;Constante_G.py;0170;Relat√≠vna chyba
sk;Constante_G.py;0170;{error_rel:.6f} %
sk;Constante_G.py;0170;VED presnos≈•
sk;Constante_G.py;0248;GRAVITAƒåN√Å KON≈†TANTA G
sk;Constante_G.py;0267;Uv√§znen√° hmotn√° vlna
sk;Constante_G.py;0277;2D hologram
sk;Constante_G.py;0286;Emergencia G
sk;Constante_G.py;0288;Obr√°zok 8: Hmota ako uv√§znen√° vlna na 2D holograme
sk;Constante_G.py;0317;Polomer prot√≥nu
sk;Constante_G.py;0318;Prot√≥nov√© radi√°lne vlny
sk;Constante_G.py;0319;Prot√≥nov√° 2D vlnitos≈• (n=4)
sk;Constante_G.py;0322;Polomer prot√≥nu
sk;Constante_G.py;0323;Prot√≥nov√© vlny
sk;Constante_G.py;0324;2D vlnitos≈•
sk;Constante_G.py;0326;Prot√≥n - Femtometrick√° mierka (10‚Åª¬π‚Åµ m)
sk;Constante_G.py;0342;Elektr√≥nov√Ω orbit√°lny polomer
sk;Constante_G.py;0343;Elektr√≥nov√© radi√°lne vlny
sk;Constante_G.py;0344;Elektr√≥nov√° 2D vlnitos≈• (n=137)
sk;Constante_G.py;0347;Elektr√≥nov√Ω orbit√°lny polomer
sk;Constante_G.py;0348;Elektr√≥nov√© vlny
sk;Constante_G.py;0349;2D vlnitos≈•
sk;Constante_G.py;0351;Elektr√≥n - At√≥mov√° mierka (10‚Åª¬π¬π m)
sk;Constante_G.py;0358;Obr√°zok 9. 2D a radi√°lne vlny prot√≥nu a elektr√≥nu\n(holografia ‚Üí ƒçastice)
sk;Constante_G.py;0378;$M_\mathrm{VED} = n h /$
sk;Constante_G.py;0378;$(L_\mathrm{geom} c)$
sk;Constante_G.py;0379;$M_\mathrm{Sch} = c^2 R_s /$
sk;Constante_G.py;0379;Rovnaj√∫ce sa hmotnosti,\nM zmizne
sk;Constante_G.py;0380;$L_\mathrm{geom}$ definovan√°
sk;Constante_G.py;0380;VED
sk;Constante_G.py;0381;$R_s$ definovan√°
sk;Constante_G.py;0381;Ka≈æd√° strana definuje\nvlastn√∫ mierku
sk;Constante_G.py;0382;Kvantovanie
sk;Constante_G.py;0382;n cel√© ‚Üí diskr√©tne
sk;Constante_G.py;0382;hodnoty M a G
sk;Constante_G.py;0383;n sa neobjav√≠,\nG je urƒçen√©
sk;Constante_G.py;0383;n=2 sa zhoduje s\nexperiment√°lnou hodnotou G
sk;Constante_G.py;0384;2D uv√§znenie
sk;Constante_G.py;0384;(povrch)
sk;Constante_G.py;0385;3D ‚Üí implicitn√°
sk;Constante_G.py;0385;holografia
sk;Constante_G.py;0385;Emergentn√Ω p√¥vod\ngravit√°cie
sk;Constante_G.py;0409;Obr√°zok 10: Konceptu√°lne porovnanie VED vs Schwarzschild
sk;entrelazamiento_geometrico.py;0009;Einsteinova z√°klad≈àa
sk;entrelazamiento_geometrico.py;0009;Z√°kladn√© rovnice
sk;entrelazamiento_geometrico.py;0032;KVANTOV√â PREV√ÅZANIE: Geometrick√© vysvetlenie Einstein-VED
sk;entrelazamiento_geometrico.py;0049;Intern√Ω r√°mec: Zdieƒæan√Ω vlastn√Ω ƒças
sk;entrelazamiento_geometrico.py;0068;Extern√Ω r√°mec: Konvenƒçn√° perspekt√≠va
sk;entrelazamiento_geometrico.py;0073;SYMBOLIKA:\n\n
sk;entrelazamiento_geometrico.py;0074;üî¥ ƒåastica A (45¬∞)\n
sk;entrelazamiento_geometrico.py;0075;üü¢ ƒåastica B (225¬∞)\n
sk;entrelazamiento_geometrico.py;0076;‚ö´ Pozorovateƒæ\n
sk;entrelazamiento_geometrico.py;0077;‚ñ¨‚ñ¨ Geometrick√© spojenie\n
sk;entrelazamiento_geometrico.py;0078;‚ñ¨‚ñ¨ L√≠nie videnia
sk;entrelazamiento_geometrico.py;0084;round,pad=0.6
sk;entrelazamiento_geometrico.py;0088;VLNOV√â ƒåELO
sk;entrelazamiento_geometrico.py;0090;KƒΩ√öƒå EINSTEIN-VED:\n\n
sk;entrelazamiento_geometrico.py;0091;Obe ƒçastice (vr√°tane antipod√°lnych)\nzdieƒæaj√∫ rovnak√Ω vlastn√Ω ƒçasopriestor t‚ÇÄ, s‚ÇÄ\n\n
sk;entrelazamiento_geometrico.py;0092;Preto≈æe: dt' ‚Üí 0 a ds' ‚Üí 0 pri r√Ωchlosti c\n\n
sk;entrelazamiento_geometrico.py;0095;≈Ωiadna akcia na diaƒæku
sk;entrelazamiento_geometrico.py;0101;round,pad=0.8
sk;entrelazamiento_geometrico.py;0109;Z√ÅKLAD EINSTEIN-VED:\n\n
sk;entrelazamiento_geometrico.py;0110;Previazan√© ƒçastice zdieƒæaj√∫ spoloƒçn√Ω vlastn√Ω ƒçasopriestor od svojho p√¥vodu.
sk;entrelazamiento_geometrico.py;0111;Pri cestovan√≠ r√Ωchlos≈•ou c, ich diferenci√°ly vlastn√©ho ƒçasu a priestoru maj√∫ tendenciu k nule
sk;entrelazamiento_geometrico.py;0112;(dt' ‚Üí 0, ds' ‚Üí 0), udr≈æuj√∫c ich spojen√© v rovnakom okamihu t‚ÇÄ a polohe s‚ÇÄ.
sk;entrelazamiento_geometrico.py;0113;T√°to geometrick√° simult√°nnos≈• vysvetƒæuje kvantov√© korel√°cie bez poru≈°enia relativity.
sk;entrelazamiento_geometrico.py;0119;round,pad=0.8
sk;entrelazamiento_geometrico.py;0125;Z√ÅKLADN√â ROVNICE:\n\n
sk;entrelazamiento_geometrico.py;0126;Pre ƒçastice pri r√Ωchlosti c:\n
sk;entrelazamiento_geometrico.py;0130;Poln√° rovnica:\n
sk;entrelazamiento_geometrico.py;0131;G‚Çò‚Çô + Œõg‚Çò‚Çô = (8œÄG/c‚Å¥)T‚Çò‚Çô\n\n
sk;entrelazamiento_geometrico.py;0132;Absol√∫tna simult√°nnos≈• vo vlastnom r√°mci
sk;entrelazamiento_geometrico.py;0138;round,pad=0.8
sk;entrelazamiento_geometrico.py;0144;INTERPRET√ÅCIA EINSTEIN-VED: Kvantov√© previazanie prest√°va by≈• paradoxn√© keƒè pochopen√©
sk;entrelazamiento_geometrico.py;0145;z ƒçasopriestorovej geometrie. ƒåastice generovan√© v rovnakom udalosti zdieƒæaj√∫ vlnov√©
sk;entrelazamiento_geometrico.py;0146;ƒçelo kde ich vlastn√Ω ƒças zost√°va zmrazen√Ω pri t‚ÇÄ. T√°to vn√∫torn√° simult√°nnos≈• vysvetƒæuje
sk;entrelazamiento_geometrico.py;0147;perfektn√© korel√°cie bez 'stra≈°ideln√©ho p√¥sobenia'. Kvantov√° pravdepodobnos≈• odr√°≈æa obmedzen√∫
sk;entrelazamiento_geometrico.py;0147;stra≈°ideln√© p√¥sobenie
sk;entrelazamiento_geometrico.py;0148;perspekt√≠vu pozorovateƒæa, nie z√°kladn√∫ vlastnos≈•.
sk;entrelazamiento_geometrico.py;0154;round,pad=0.8
sk;entrelazamiento_geometrico.py;0167;üéØ TVORBA FIN√ÅLNEJ VERZIE S R√ÅMCE NA ROVNAKEJ √öROVNI...
sk;entrelazamiento_geometrico.py;0170;\n‚ú® OPRAVY APLIKOVAN√â:
sk;entrelazamiento_geometrico.py;0171;‚Ä¢ R√°mce 'Einsteinova z√°klad≈àa' a 'Rovnice' NA ROVNAKEJ √öROVNI
sk;entrelazamiento_geometrico.py;0171;Einsteinova z√°klad≈àa
sk;entrelazamiento_geometrico.py;0172;‚Ä¢ ≈†IR≈†√ç Obr√°zok (16x10) pre obe
sk;entrelazamiento_geometrico.py;0173;‚Ä¢ Vyv√°≈æen√Ω a symetrick√Ω dizajn
sk;entrelazamiento_geometrico.py;0174;‚Ä¢ Dekor√°cia a farby RE≈†PEKTOVAN√â
sk;entrelazamiento_geometrico.py;0175;‚Ä¢ NULA prekryt√≠